"DateTime","Players","Average Players"
"2022-02-24 00:00:00",559624,
"2022-02-25 00:00:00",764835,
"2022-02-26 00:00:00",861538,
"2022-02-27 00:00:00",891638,
"2022-02-28 00:00:00",819143,
"2022-03-01 00:00:00",828001,
"2022-03-02 00:00:00",823527,
"2022-03-03 00:00:00",820921,
"2022-03-04 00:00:00",858316,
"2022-03-05 00:00:00",953426,
"2022-03-06 00:00:00",944190,
"2022-03-07 00:00:00",801048,
"2022-03-08 00:00:00",779297,
"2022-03-09 00:00:00",738122,
"2022-03-10 00:00:00",703725,
"2022-03-11 00:00:00",730458,
"2022-03-12 00:00:00",825277,
"2022-03-13 00:00:00",800301,
"2022-03-14 00:00:00",635680,
"2022-03-15 00:00:00",610847,
"2022-03-16 00:00:00",589570,
"2022-03-17 00:00:00",587284,
"2022-03-18 00:00:00",611562,
"2022-03-19 00:00:00",712336,
"2022-03-20 00:00:00",694446,
"2022-03-21 00:00:00",529881,
"2022-03-22 00:00:00",507115,
"2022-03-23 00:00:00",464532,
"2022-03-24 00:00:00",468107,
"2022-03-25 00:00:00",480052,
"2022-03-26 00:00:00",563389,
"2022-03-27 00:00:00",546667,
"2022-03-28 00:00:00",414946,
"2022-03-29 00:00:00",399484,
"2022-03-30 00:00:00",378861,
"2022-03-31 00:00:00",368498,
"2022-04-01 00:00:00",375625,
"2022-04-02 00:00:00",455103,
"2022-04-03 00:00:00",457182,
"2022-04-04 00:00:00",339322,
"2022-04-05 00:00:00",317968,
"2022-04-06 00:00:00",300169,
"2022-04-07 00:00:00",287677,
"2022-04-08 00:00:00",305294,
"2022-04-09 00:00:00",367780,
"2022-04-10 00:00:00",349862,
"2022-04-11 00:00:00",258031,
"2022-04-12 00:00:00",245836,
"2022-04-13 00:00:00",234880,
"2022-04-14 00:00:00",234557,
"2022-04-15 00:00:00",269911,
"2022-04-16 00:00:00",282119,
"2022-04-17 00:00:00",266656,
"2022-04-18 00:00:00",239831,
"2022-04-19 00:00:00",198248,
"2022-04-20 00:00:00",202328,
"2022-04-21 00:00:00",196417,
"2022-04-22 00:00:00",205469,
"2022-04-23 00:00:00",238625,
"2022-04-24 00:00:00",237493,
"2022-04-25 00:00:00",172305,
"2022-04-26 00:00:00",161863,
"2022-04-27 00:00:00",151887,
"2022-04-28 00:00:00",147793,
"2022-04-29 00:00:00",156014,
"2022-04-30 00:00:00",190421,
"2022-05-01 00:00:00",193468,
"2022-05-02 00:00:00",148370,
"2022-05-03 00:00:00",139215,
"2022-05-04 00:00:00",126122,
"2022-05-05 00:00:00",122864,
"2022-05-06 00:00:00",126523,
"2022-05-07 00:00:00",158782,
"2022-05-08 00:00:00",152245,
"2022-05-09 00:00:00",110981,
"2022-05-10 00:00:00",107748,
"2022-05-11 00:00:00",102381,
"2022-05-12 00:00:00",99343,
"2022-05-13 00:00:00",106998,
"2022-05-14 00:00:00",128222,
"2022-05-15 00:00:00",127344,
"2022-05-16 00:00:00",92721,
"2022-05-17 00:00:00",88789,
"2022-05-18 00:00:00",86217,
"2022-05-19 00:00:00",83155,
"2022-05-20 00:00:00",89290,
"2022-05-21 00:00:00",108490,
"2022-05-22 00:00:00",106427,
"2022-05-23 00:00:00",81727,
"2022-05-24 00:00:00",75594,
"2022-05-25 00:00:00",73972,
"2022-05-26 00:00:00",80599,
"2022-05-27 00:00:00",82817,
"2022-05-28 00:00:00",101265,
"2022-05-29 00:00:00",99061,
"2022-05-30 00:00:00",92058,
"2022-05-31 00:00:00",73505,
"2022-06-01 00:00:00",68870,
"2022-06-02 00:00:00",71525,
"2022-06-03 00:00:00",74568,
"2022-06-04 00:00:00",87387,
"2022-06-05 00:00:00",88609,
"2022-06-06 00:00:00",73812,
"2022-06-07 00:00:00",63803,
"2022-06-08 00:00:00",62093,
"2022-06-09 00:00:00",59878,
"2022-06-10 00:00:00",62770,
"2022-06-11 00:00:00",76917,
"2022-06-12 00:00:00",77475,
"2022-06-13 00:00:00",56575,
"2022-06-14 00:00:00",54643,
"2022-06-15 00:00:00",52494,
"2022-06-16 00:00:00",54636,
"2022-06-17 00:00:00",55629,
"2022-06-18 00:00:00",66351,
"2022-06-19 00:00:00",66906,
"2022-06-20 00:00:00",55272,
"2022-06-21 00:00:00",51013,
"2022-06-22 00:00:00",48571,
"2022-06-23 00:00:00",46994,
"2022-06-24 00:00:00",49982,
"2022-06-25 00:00:00",58560,
"2022-06-26 00:00:00",60338,
"2022-06-27 00:00:00",45795,
"2022-06-28 00:00:00",44689,
"2022-06-29 00:00:00",43418,
"2022-06-30 00:00:00",42476,
"2022-07-01 00:00:00",44977,
"2022-07-02 00:00:00",51559,
"2022-07-03 00:00:00",52405,
"2022-07-04 00:00:00",49052,
"2022-07-05 00:00:00",41274,
"2022-07-06 00:00:00",40235,
"2022-07-07 00:00:00",40219,
"2022-07-08 00:00:00",41239,
"2022-07-09 00:00:00",49357,
"2022-07-10 00:00:00",51228,
"2022-07-11 00:00:00",40782,
"2022-07-12 00:00:00",39669,
"2022-07-13 00:00:00",38827,
"2022-07-14 00:00:00",39814,
"2022-07-15 00:00:00",40931,
"2022-07-16 00:00:00",48232,
"2022-07-17 00:00:00",50686,
"2022-07-18 00:00:00",39741,
"2022-07-19 00:00:00",39266,
"2022-07-20 00:00:00",37757,
"2022-07-21 00:00:00",38334,
"2022-07-22 00:00:00",40316,
"2022-07-23 00:00:00",47304,
"2022-07-24 00:00:00",49352,
"2022-07-25 00:00:00",39401,
"2022-07-26 00:00:00",39247,
"2022-07-27 00:00:00",38561,
"2022-07-28 00:00:00",38246,
"2022-07-29 00:00:00",39789,
"2022-07-30 00:00:00",46293,
"2022-07-31 00:00:00",48106,
"2022-08-01 00:00:00",38945,
"2022-08-02 00:00:00",37343,
"2022-08-03 00:00:00",37321,
"2022-08-04 00:00:00",36960,
"2022-08-05 00:00:00",39217,
"2022-08-06 00:00:00",45096,
"2022-08-07 00:00:00",47397,
"2022-08-08 00:00:00",38506,
"2022-08-09 00:00:00",34276,
"2022-08-10 00:00:00",35418,
"2022-08-11 00:00:00",35050,
"2022-08-12 00:00:00",37830,
"2022-08-13 00:00:00",42939,
"2022-08-14 00:00:00",45151,
"2022-08-15 00:00:00",38884,
"2022-08-16 00:00:00",36056,
"2022-08-17 00:00:00",35867,
"2022-08-18 00:00:00",35167,
"2022-08-19 00:00:00",37416,
"2022-08-20 00:00:00",43930,
"2022-08-21 00:00:00",46138,
"2022-08-22 00:00:00",35746,
"2022-08-23 00:00:00",35378,
"2022-08-24 00:00:00",33021,
"2022-08-25 00:00:00",32699,
"2022-08-26 00:00:00",34801,
"2022-08-27 00:00:00",41241,
"2022-08-28 00:00:00",43177,
"2022-08-29 00:00:00",34150,
"2022-08-30 00:00:00",33560,
"2022-08-31 00:00:00",32808,
"2022-09-01 00:00:00",32101,
"2022-09-02 00:00:00",34813,
"2022-09-03 00:00:00",42524,
"2022-09-04 00:00:00",44015,
"2022-09-05 00:00:00",41589,
"2022-09-06 00:00:00",32651,
"2022-09-07 00:00:00",32718,
"2022-09-08 00:00:00",31775,
"2022-09-09 00:00:00",34133,
"2022-09-10 00:00:00",42624,
"2022-09-11 00:00:00",45475,
"2022-09-12 00:00:00",31859,
"2022-09-13 00:00:00",31387,
"2022-09-14 00:00:00",31548,
"2022-09-15 00:00:00",30927,
"2022-09-16 00:00:00",33397,
"2022-09-17 00:00:00",42458,
"2022-09-18 00:00:00",43754,
"2022-09-19 00:00:00",33364,
"2022-09-20 00:00:00",31054,
"2022-09-21 00:00:00",30494,
"2022-09-22 00:00:00",30003,
"2022-09-23 00:00:00",32171,25280
"2022-09-24 00:00:00",40762,31739
"2022-09-25 00:00:00",41979,33131
"2022-09-26 00:00:00",29959,24366
"2022-09-27 00:00:00",29528,23571
"2022-09-28 00:00:00",29044,23043
"2022-09-29 00:00:00",28096,22447
"2022-09-30 00:00:00",30763,23950
"2022-10-01 00:00:00",38442,30432
"2022-10-02 00:00:00",39830,32213
"2022-10-03 00:00:00",30427,25322
"2022-10-04 00:00:00",28429,23372
"2022-10-05 00:00:00",27373,22352
"2022-10-06 00:00:00",27026,21840
"2022-10-07 00:00:00",28048,22715
"2022-10-08 00:00:00",34805,26632
"2022-10-09 00:00:00",36653,28054
"2022-10-10 00:00:00",27576,22599
"2022-10-11 00:00:00",25667,20411
"2022-10-12 00:00:00",26361,20584
"2022-10-13 00:00:00",23752,18750
"2022-10-14 00:00:00",28885,21979
"2022-10-15 00:00:00",38217,29641
"2022-10-16 00:00:00",39401,31620
"2022-10-17 00:00:00",29579,23617
"2022-10-18 00:00:00",29637,22961
"2022-10-19 00:00:00",29083,22550
"2022-10-20 00:00:00",29196,22147
"2022-10-21 00:00:00",31471,23529
"2022-10-22 00:00:00",38307,29476
"2022-10-23 00:00:00",39319,30995
"2022-10-24 00:00:00",29193,22986
"2022-10-25 00:00:00",28742,22125
"2022-10-26 00:00:00",28001,21527
"2022-10-27 00:00:00",27499,21301
"2022-10-28 00:00:00",29657,22348
"2022-10-29 00:00:00",34934,27061
"2022-10-30 00:00:00",34954,28317
"2022-10-31 00:00:00",28209,21721
"2022-11-01 00:00:00",29025,21781
"2022-11-02 00:00:00",25710,20385
"2022-11-03 00:00:00",25692,20699
"2022-11-04 00:00:00",28158,22074
"2022-11-05 00:00:00",35662,27811
"2022-11-06 00:00:00",36004,29101
"2022-11-07 00:00:00",25244,21449
"2022-11-08 00:00:00",25385,20982
"2022-11-09 00:00:00",25467,20548
"2022-11-10 00:00:00",25160,20746
"2022-11-11 00:00:00",29688,23646
"2022-11-12 00:00:00",35679,28984
"2022-11-13 00:00:00",35817,30542
"2022-11-14 00:00:00",26412,22660
"2022-11-15 00:00:00",27174,22355
"2022-11-16 00:00:00",26755,21802
"2022-11-17 00:00:00",25982,21156
"2022-11-18 00:00:00",27963,22213
"2022-11-19 00:00:00",34946,28152
"2022-11-20 00:00:00",35579,29719
"2022-11-21 00:00:00",26101,22411
"2022-11-22 00:00:00",26744,22181
"2022-11-23 00:00:00",26242,22657
"2022-11-24 00:00:00",27238,22994
"2022-11-25 00:00:00",29925,24597
"2022-11-26 00:00:00",35682,29671
"2022-11-27 00:00:00",36345,30965
"2022-11-28 00:00:00",27038,23547
"2022-11-29 00:00:00",26537,22357
"2022-11-30 00:00:00",26979,22503
"2022-12-01 00:00:00",26701,22155
"2022-12-02 00:00:00",29223,23561
"2022-12-03 00:00:00",36322,29831
"2022-12-04 00:00:00",36774,31135
"2022-12-05 00:00:00",27747,23889
"2022-12-06 00:00:00",32942,25615
"2022-12-07 00:00:00",32676,26574
"2022-12-08 00:00:00",33179,28589
"2022-12-09 00:00:00",37725,30240
"2022-12-10 00:00:00",46193,38756
"2022-12-11 00:00:00",47045,41414
"2022-12-12 00:00:00",37142,32407
"2022-12-13 00:00:00",36105,31363
"2022-12-14 00:00:00",36199,31783
"2022-12-15 00:00:00",35084,31059
"2022-12-16 00:00:00",38188,32736
"2022-12-17 00:00:00",45094,39243
"2022-12-18 00:00:00",46097,40434
"2022-12-19 00:00:00",38366,33630
"2022-12-20 00:00:00",38488,33089
"2022-12-21 00:00:00",38060,33351
"2022-12-22 00:00:00",42476,34809
"2022-12-23 00:00:00",53175,45552
"2022-12-24 00:00:00",62290,52460
"2022-12-25 00:00:00",64159,55468
"2022-12-26 00:00:00",71354,60531
"2022-12-27 00:00:00",73312,63382
"2022-12-28 00:00:00",76364,64987
"2022-12-29 00:00:00",79202,67222
"2022-12-30 00:00:00",82864,70541
"2022-12-31 00:00:00",85651,72212
"2023-01-01 00:00:00",89723,76662
"2023-01-02 00:00:00",91801,82381
"2023-01-03 00:00:00",86631,74184
"2023-01-04 00:00:00",88742,73156
"2023-01-05 00:00:00",88151,72587
"2023-01-06 00:00:00",93457,75971
"2023-01-07 00:00:00",104312,86729
"2023-01-08 00:00:00",106913,89507
"2023-01-09 00:00:00",81045,69570
"2023-01-10 00:00:00",79276,65491
"2023-01-11 00:00:00",77078,63145
"2023-01-12 00:00:00",73768,61907
"2023-01-13 00:00:00",78714,64912
"2023-01-14 00:00:00",95550,79106
"2023-01-15 00:00:00",97376,82087
"2023-01-16 00:00:00",76399,66246
"2023-01-17 00:00:00",70212,59701
"2023-01-18 00:00:00",68175,56299
"2023-01-19 00:00:00",67643,57843
"2023-01-20 00:00:00",69985,59655
"2023-01-21 00:00:00",84579,70693
"2023-01-22 00:00:00",87848,74945
"2023-01-23 00:00:00",65610,58766
"2023-01-24 00:00:00",64303,57081
"2023-01-25 00:00:00",64506,56772
"2023-01-26 00:00:00",63756,56092
"2023-01-27 00:00:00",67368,58013
"2023-01-28 00:00:00",83035,69106
"2023-01-29 00:00:00",85483,72080
"2023-01-30 00:00:00",62487,55132
"2023-01-31 00:00:00",62378,53311
"2023-02-01 00:00:00",61693,52054
"2023-02-02 00:00:00",60643,51246
"2023-02-03 00:00:00",66203,54162
"2023-02-04 00:00:00",80705,67174
"2023-02-05 00:00:00",82173,70072
"2023-02-06 00:00:00",60131,51351
"2023-02-07 00:00:00",57738,47463
"2023-02-08 00:00:00",56027,45568
"2023-02-09 00:00:00",55346,45295
"2023-02-10 00:00:00",59413,47385
"2023-02-11 00:00:00",72846,59246
"2023-02-12 00:00:00",74140,62133
"2023-02-13 00:00:00",56082,45727
"2023-02-14 00:00:00",53496,42656
"2023-02-15 00:00:00",53869,42109
"2023-02-16 00:00:00",53763,42872
"2023-02-17 00:00:00",58848,46488
"2023-02-18 00:00:00",71668,57503
"2023-02-19 00:00:00",71708,60367
"2023-02-20 00:00:00",57887,48206
"2023-02-21 00:00:00",53740,43626
"2023-02-22 00:00:00",53730,43362
"2023-02-23 00:00:00",54134,43933
"2023-02-24 00:00:00",55361,44078
"2023-02-25 00:00:00",67121,54534
"2023-02-26 00:00:00",67335,56590
"2023-02-27 00:00:00",50421,41163
"2023-02-28 00:00:00",55189,42721
"2023-03-01 00:00:00",55050,44300
"2023-03-02 00:00:00",55532,44487
"2023-03-03 00:00:00",60124,47672
"2023-03-04 00:00:00",74131,60283
"2023-03-05 00:00:00",74740,62919
"2023-03-06 00:00:00",53807,45395
"2023-03-07 00:00:00",54145,43526
"2023-03-08 00:00:00",53279,42964
"2023-03-09 00:00:00",51995,42503
"2023-03-10 00:00:00",57180,45179
"2023-03-11 00:00:00",70523,57306
"2023-03-12 00:00:00",71543,59810
"2023-03-13 00:00:00",52172,43068
"2023-03-14 00:00:00",51828,41230
"2023-03-15 00:00:00",51380,40576
"2023-03-16 00:00:00",49925,39679
"2023-03-17 00:00:00",53979,41548
"2023-03-18 00:00:00",65288,51189
"2023-03-19 00:00:00",65715,53479
"2023-03-20 00:00:00",48532,38810
"2023-03-21 00:00:00",47647,38047
"2023-03-22 00:00:00",46180,36359
"2023-03-23 00:00:00",41925,32795
"2023-03-24 00:00:00",49453,36767
"2023-03-25 00:00:00",59695,45934
"2023-03-26 00:00:00",61855,47716
"2023-03-27 00:00:00",46494,34891
"2023-03-28 00:00:00",45767,33686
"2023-03-29 00:00:00",44975,33277
"2023-03-30 00:00:00",44684,33084
"2023-03-31 00:00:00",48691,35484
"2023-04-01 00:00:00",58457,44312
"2023-04-02 00:00:00",59445,46103
"2023-04-03 00:00:00",45291,34435
"2023-04-04 00:00:00",47166,34376
"2023-04-05 00:00:00",45090,36138
"2023-04-06 00:00:00",45717,33614
"2023-04-07 00:00:00",52364,37965
"2023-04-08 00:00:00",55428,42285
"2023-04-09 00:00:00",52760,42481
"2023-04-10 00:00:00",50213,35627
"2023-04-11 00:00:00",42467,30847
"2023-04-12 00:00:00",41017,29713
"2023-04-13 00:00:00",39691,28814
"2023-04-14 00:00:00",43496,31035
"2023-04-15 00:00:00",52158,39104
"2023-04-16 00:00:00",51836,40171
"2023-04-17 00:00:00",38321,28877
"2023-04-18 00:00:00",36923,27643
"2023-04-19 00:00:00",36584,27046
"2023-04-20 00:00:00",36097,26943
"2023-04-21 00:00:00",39789,28970
"2023-04-22 00:00:00",46426,36351
"2023-04-23 00:00:00",48967,36845
"2023-04-24 00:00:00",36830,27813
"2023-04-25 00:00:00",36068,27015
"2023-04-26 00:00:00",32758,25009
"2023-04-27 00:00:00",32122,24597
"2023-04-28 00:00:00",34267,26152
"2023-04-29 00:00:00",41783,33131
"2023-04-30 00:00:00",43676,35354
"2023-05-01 00:00:00",40361,31474
"2023-05-02 00:00:00",31921,26251
"2023-05-03 00:00:00",30916,25666
"2023-05-04 00:00:00",31508,24429
"2023-05-05 00:00:00",33930,26357
"2023-05-06 00:00:00",43178,32370
"2023-05-07 00:00:00",43846,35004
"2023-05-08 00:00:00",34919,26301
"2023-05-09 00:00:00",31837,24253
"2023-05-10 00:00:00",30793,23733
"2023-05-11 00:00:00",30088,23267
"2023-05-12 00:00:00",32558,24224
"2023-05-13 00:00:00",38122,29550
"2023-05-14 00:00:00",38263,30269
"2023-05-15 00:00:00",28691,22632
"2023-05-16 00:00:00",28813,21955
"2023-05-17 00:00:00",28575,22025
"2023-05-18 00:00:00",30038,22713
"2023-05-19 00:00:00",31166,23395
"2023-05-20 00:00:00",36420,28527
"2023-05-21 00:00:00",36887,29531
"2023-05-22 00:00:00",28020,22077
"2023-05-23 00:00:00",27566,21205
"2023-05-24 00:00:00",26774,20741
"2023-05-25 00:00:00",26577,20686
"2023-05-26 00:00:00",29204,22175
"2023-05-27 00:00:00",35042,27439
"2023-05-28 00:00:00",35342,29021
"2023-05-29 00:00:00",33901,25991
"2023-05-30 00:00:00",27495,21598
"2023-05-31 00:00:00",26947,20919
"2023-06-01 00:00:00",26249,20615
"2023-06-02 00:00:00",27818,21099
"2023-06-03 00:00:00",32677,25694
"2023-06-04 00:00:00",33545,27008
"2023-06-05 00:00:00",26296,20644
"2023-06-06 00:00:00",25368,19675
"2023-06-07 00:00:00",24679,19093
"2023-06-08 00:00:00",25851,19442
"2023-06-09 00:00:00",26273,19884
"2023-06-10 00:00:00",30805,23845
"2023-06-11 00:00:00",31366,24944
"2023-06-12 00:00:00",25086,19549
"2023-06-13 00:00:00",24103,18599
"2023-06-14 00:00:00",23868,18342
"2023-06-15 00:00:00",23082,18090
"2023-06-16 00:00:00",25001,19024
"2023-06-17 00:00:00",29745,22981
"2023-06-18 00:00:00",29793,23776
"2023-06-19 00:00:00",24623,19567
"2023-06-20 00:00:00",24203,18782
"2023-06-21 00:00:00",24252,18906
"2023-06-22 00:00:00",24233,19733
"2023-06-23 00:00:00",25453,20177
"2023-06-24 00:00:00",29001,22852
"2023-06-25 00:00:00",30817,23632
"2023-06-26 00:00:00",24927,19738
"2023-06-27 00:00:00",25072,19358
"2023-06-28 00:00:00",24122,19025
"2023-06-29 00:00:00",23957,19209
"2023-06-30 00:00:00",34701,24964
"2023-07-01 00:00:00",44095,32828
"2023-07-02 00:00:00",48446,36874
"2023-07-03 00:00:00",44497,32378
"2023-07-04 00:00:00",46512,33941
"2023-07-05 00:00:00",45109,32297
"2023-07-06 00:00:00",44781,32491
"2023-07-07 00:00:00",47260,33876
"2023-07-08 00:00:00",53546,40249
"2023-07-09 00:00:00",55553,42769
"2023-07-10 00:00:00",48361,35215
"2023-07-11 00:00:00",48747,35020
"2023-07-12 00:00:00",49016,34860
"2023-07-13 00:00:00",49362,34894
"2023-07-14 00:00:00",49961,35538
"2023-07-15 00:00:00",55071,41163
"2023-07-16 00:00:00",56869,43500
"2023-07-17 00:00:00",48717,36060
"2023-07-18 00:00:00",48379,34637
"2023-07-19 00:00:00",46479,33548
"2023-07-20 00:00:00",45382,32645
"2023-07-21 00:00:00",45411,32683
"2023-07-22 00:00:00",50369,37774
"2023-07-23 00:00:00",51603,39632
"2023-07-24 00:00:00",44154,32364
"2023-07-25 00:00:00",43352,31467
"2023-07-26 00:00:00",42581,30860
"2023-07-27 00:00:00",42926,30456
"2023-07-28 00:00:00",44497,32271
"2023-07-29 00:00:00",49819,37381
"2023-07-30 00:00:00",50677,39310
"2023-07-31 00:00:00",43165,32282
"2023-08-01 00:00:00",42618,31347
"2023-08-02 00:00:00",41846,30903
"2023-08-03 00:00:00",41135,29884
"2023-08-04 00:00:00",40451,29504
"2023-08-05 00:00:00",45275,34060
"2023-08-06 00:00:00",46218,35767
"2023-08-07 00:00:00",39367,29283
"2023-08-08 00:00:00",38470,27868
"2023-08-09 00:00:00",37054,27102
"2023-08-10 00:00:00",36260,26852
"2023-08-11 00:00:00",37030,27124
"2023-08-12 00:00:00",41293,31348
"2023-08-13 00:00:00",42458,32889
"2023-08-14 00:00:00",36537,27294
"2023-08-15 00:00:00",36616,26823
"2023-08-16 00:00:00",33649,25158
"2023-08-17 00:00:00",33314,24539
"2023-08-18 00:00:00",34245,24863
"2023-08-19 00:00:00",38415,29096
"2023-08-20 00:00:00",40203,31163
"2023-08-21 00:00:00",33921,25088
"2023-08-22 00:00:00",33804,23989
"2023-08-23 00:00:00",33701,24216
"2023-08-24 00:00:00",33088,23935
"2023-08-25 00:00:00",34156,24072
"2023-08-26 00:00:00",38469,28921
"2023-08-27 00:00:00",39998,30597
"2023-08-28 00:00:00",33619,24025
"2023-08-29 00:00:00",33450,23442
"2023-08-30 00:00:00",32412,23101
"2023-08-31 00:00:00",31322,22210
"2023-09-01 00:00:00",32617,22668
"2023-09-02 00:00:00",37065,27390
"2023-09-03 00:00:00",37504,28538
"2023-09-04 00:00:00",32509,23793
"2023-09-05 00:00:00",30036,21136
"2023-09-06 00:00:00",28779,19613
"2023-09-07 00:00:00",28899,19727
"2023-09-08 00:00:00",30655,20758
"2023-09-09 00:00:00",35489,26257
"2023-09-10 00:00:00",36531,27470
"2023-09-11 00:00:00",28897,20116
"2023-09-12 00:00:00",28315,19443
"2023-09-13 00:00:00",28317,19273
"2023-09-14 00:00:00",27549,18938
"2023-09-15 00:00:00",29593,20139
"2023-09-16 00:00:00",35065,25726
"2023-09-17 00:00:00",36276,26890
"2023-09-18 00:00:00",28025,19623
"2023-09-19 00:00:00",27380,18646
"2023-09-20 00:00:00",26954,18403
"2023-09-21 00:00:00",26641,18012
"2023-09-22 00:00:00",28182,19161
"2023-09-23 00:00:00",34020,24645
"2023-09-24 00:00:00",33765,25434
"2023-09-25 00:00:00",26551,18586
"2023-09-26 00:00:00",25803,17612
"2023-09-27 00:00:00",25405,17567
"2023-09-28 00:00:00",24201,17603
"2023-09-29 00:00:00",24880,19165
"2023-09-30 00:00:00",29925,23012
"2023-10-01 00:00:00",31514,24096
"2023-10-02 00:00:00",24532,19776
"2023-10-03 00:00:00",25344,19292
"2023-10-04 00:00:00",24653,18545
"2023-10-05 00:00:00",24910,18719
"2023-10-06 00:00:00",35366,23969
"2023-10-07 00:00:00",49133,32245
"2023-10-08 00:00:00",56348,37106
"2023-10-09 00:00:00",50167,32325
"2023-10-10 00:00:00",50318,30510
"2023-10-11 00:00:00",50566,30655
"2023-10-12 00:00:00",53336,32093
"2023-10-13 00:00:00",56180,35033
"2023-10-14 00:00:00",66989,44618
"2023-10-15 00:00:00",66860,46474
"2023-10-16 00:00:00",57215,34471
"2023-10-17 00:00:00",58179,34405
"2023-10-18 00:00:00",57859,34408
"2023-10-19 00:00:00",58366,34772
"2023-10-20 00:00:00",60850,37460
"2023-10-21 00:00:00",67628,46097
"2023-10-22 00:00:00",66060,46204
"2023-10-23 00:00:00",55129,33427
"2023-10-24 00:00:00",53871,32084
"2023-10-25 00:00:00",52617,31686
"2023-10-26 00:00:00",50997,30795
"2023-10-27 00:00:00",52742,32424
"2023-10-28 00:00:00",57416,39551
"2023-10-29 00:00:00",56747,40047
"2023-10-30 00:00:00",46785,29276
"2023-10-31 00:00:00",45790,27905
"2023-11-01 00:00:00",46531,28285
"2023-11-02 00:00:00",45364,28340
"2023-11-03 00:00:00",45831,29409
"2023-11-04 00:00:00",51749,36115
"2023-11-05 00:00:00",50175,36373
"2023-11-06 00:00:00",41134,26442
"2023-11-07 00:00:00",39764,25444
"2023-11-08 00:00:00",38176,24494
"2023-11-09 00:00:00",38081,24285
"2023-11-10 00:00:00",40600,26874
"2023-11-11 00:00:00",46949,33268
"2023-11-12 00:00:00",46493,33984
"2023-11-13 00:00:00",36340,24617
"2023-11-14 00:00:00",36264,23762
"2023-11-15 00:00:00",35954,23374
"2023-11-16 00:00:00",34647,22862
"2023-11-17 00:00:00",37405,24583
"2023-11-18 00:00:00",44309,31494
"2023-11-19 00:00:00",43263,31678
"2023-11-20 00:00:00",34873,23738
"2023-11-21 00:00:00",34036,23078
"2023-11-22 00:00:00",34047,23012
"2023-11-23 00:00:00",34137,23660
"2023-11-24 00:00:00",36457,25063
"2023-11-25 00:00:00",41795,30868
"2023-11-26 00:00:00",41982,31618
"2023-11-27 00:00:00",33247,22973
"2023-11-28 00:00:00",33284,22428
"2023-11-29 00:00:00",33865,22582
"2023-11-30 00:00:00",33569,22453
"2023-12-01 00:00:00",36010,23865
"2023-12-02 00:00:00",42363,30833
"2023-12-03 00:00:00",42426,31892
"2023-12-04 00:00:00",33772,23302
"2023-12-05 00:00:00",33102,22430
"2023-12-06 00:00:00",32972,22368
"2023-12-07 00:00:00",32070,21992
"2023-12-08 00:00:00",34537,23224
"2023-12-09 00:00:00",40064,29280
"2023-12-10 00:00:00",40412,30486
"2023-12-11 00:00:00",32305,22869
"2023-12-12 00:00:00",32333,22208
"2023-12-13 00:00:00",32279,22243
"2023-12-14 00:00:00",31960,21995
"2023-12-15 00:00:00",33792,23619
"2023-12-16 00:00:00",40314,29379
"2023-12-17 00:00:00",39838,30610
"2023-12-18 00:00:00",32350,23804
"2023-12-19 00:00:00",33050,23708
"2023-12-20 00:00:00",32553,23661
"2023-12-21 00:00:00",33238,24470
"2023-12-22 00:00:00",49535,33140
"2023-12-23 00:00:00",62541,44063
"2023-12-24 00:00:00",66839,46358
"2023-12-25 00:00:00",69040,44288
"2023-12-26 00:00:00",75594,49216
"2023-12-27 00:00:00",77347,51217
"2023-12-28 00:00:00",79952,53321
"2023-12-29 00:00:00",83198,57335
"2023-12-30 00:00:00",88431,64752
"2023-12-31 00:00:00",85441,63875
"2024-01-01 00:00:00",87674,64776
"2024-01-02 00:00:00",89709,61689
"2024-01-03 00:00:00",89888,60909
"2024-01-04 00:00:00",89164,60817
"2024-01-05 00:00:00",92205,63169
"2024-01-06 00:00:00",99048,72721
"2024-01-07 00:00:00",95996,72883
"2024-01-08 00:00:00",79078,56243
"2024-01-09 00:00:00",77031,53234
"2024-01-10 00:00:00",73223,50764
"2024-01-11 00:00:00",70021,48041
"2024-01-12 00:00:00",75076,52086
"2024-01-13 00:00:00",86800,64407
"2024-01-14 00:00:00",86531,66318
"2024-01-15 00:00:00",70948,53838
"2024-01-16 00:00:00",70398,51611
"2024-01-17 00:00:00",70986,50335
"2024-01-18 00:00:00",69666,49395
"2024-01-19 00:00:00",72507,51672
"2024-01-20 00:00:00",82851,61567
"2024-01-21 00:00:00",81742,62363
"2024-01-22 00:00:00",63455,46747
"2024-01-23 00:00:00",61464,44506
"2024-01-24 00:00:00",59960,42938
"2024-01-25 00:00:00",57939,41720
"2024-01-26 00:00:00",59192,43345
"2024-01-27 00:00:00",70061,52729
"2024-01-28 00:00:00",71308,54617
"2024-01-29 00:00:00",55455,41863
"2024-01-30 00:00:00",55391,40632
"2024-01-31 00:00:00",54017,39787
"2024-02-01 00:00:00",51809,39019
"2024-02-02 00:00:00",55152,40993
"2024-02-03 00:00:00",65363,50151
"2024-02-04 00:00:00",68094,52116
"2024-02-05 00:00:00",51567,40959
"2024-02-06 00:00:00",49623,38937
"2024-02-07 00:00:00",48911,38303
"2024-02-08 00:00:00",47684,37961
"2024-02-09 00:00:00",47793,38445
"2024-02-10 00:00:00",58061,45822
"2024-02-11 00:00:00",61612,47994
"2024-02-12 00:00:00",47541,39577
"2024-02-13 00:00:00",48377,38802
"2024-02-14 00:00:00",44926,36060
"2024-02-15 00:00:00",45523,35965
"2024-02-16 00:00:00",48849,38725
"2024-02-17 00:00:00",57520,45477
"2024-02-18 00:00:00",59232,46412
"2024-02-19 00:00:00",46665,38136
"2024-02-20 00:00:00",45866,35686
"2024-02-21 00:00:00",53777,42685
"2024-02-22 00:00:00",70188,53738
"2024-02-23 00:00:00",81361,61542
"2024-02-24 00:00:00",100936,78084
"2024-02-25 00:00:00",108636,86117
"2024-02-26 00:00:00",85679,66895
"2024-02-27 00:00:00",86284,66454
"2024-02-28 00:00:00",87143,67023
"2024-02-29 00:00:00",84933,65305
"2024-03-01 00:00:00",92198,69382
"2024-03-02 00:00:00",112016,87469
"2024-03-03 00:00:00",112406,91024
"2024-03-04 00:00:00",83875,66204
"2024-03-05 00:00:00",83966,63784
"2024-03-06 00:00:00",81357,62163
"2024-03-07 00:00:00",80652,61203
"2024-03-08 00:00:00",88533,65614
"2024-03-09 00:00:00",105190,81012
"2024-03-10 00:00:00",106480,84538
"2024-03-11 00:00:00",79353,60752
"2024-03-12 00:00:00",78858,57928
"2024-03-13 00:00:00",76185,56715
"2024-03-14 00:00:00",73383,55415
"2024-03-15 00:00:00",81480,58941
"2024-03-16 00:00:00",97188,73063
"2024-03-17 00:00:00",97491,76053
"2024-03-18 00:00:00",70410,54153
"2024-03-19 00:00:00",70974,52174
"2024-03-20 00:00:00",69418,51988
"2024-03-21 00:00:00",66205,49141
"2024-03-22 00:00:00",69880,50911
"2024-03-23 00:00:00",88327,66144
"2024-03-24 00:00:00",88765,69065
"2024-03-25 00:00:00",67995,50555
"2024-03-26 00:00:00",66402,48432
"2024-03-27 00:00:00",63873,47503
"2024-03-28 00:00:00",64967,47934
"2024-03-29 00:00:00",75270,53916
"2024-03-30 00:00:00",78511,59731
"2024-03-31 00:00:00",76343,60730
"2024-04-01 00:00:00",72439,50576
"2024-04-02 00:00:00",61059,44102
"2024-04-03 00:00:00",61505,43786
"2024-04-04 00:00:00",60538,47002
"2024-04-05 00:00:00",62981,48024
"2024-04-06 00:00:00",73083,55666
"2024-04-07 00:00:00",77663,55488
"2024-04-08 00:00:00",59807,42321
"2024-04-09 00:00:00",59315,40643
"2024-04-10 00:00:00",57436,39850
"2024-04-11 00:00:00",54303,37948
"2024-04-12 00:00:00",58315,40404
"2024-04-13 00:00:00",68557,50726
"2024-04-14 00:00:00",69045,51870
"2024-04-15 00:00:00",53053,37102
"2024-04-16 00:00:00",52942,35782
"2024-04-17 00:00:00",51690,35114
"2024-04-18 00:00:00",50574,34683
"2024-04-19 00:00:00",55104,37534
"2024-04-20 00:00:00",65986,47622
"2024-04-21 00:00:00",66608,49520
"2024-04-22 00:00:00",50838,35365
"2024-04-23 00:00:00",51088,34148
"2024-04-24 00:00:00",48675,33039
"2024-04-25 00:00:00",48471,33124
"2024-04-26 00:00:00",51155,34747
"2024-04-27 00:00:00",57751,43297
"2024-04-28 00:00:00",61527,43599
"2024-04-29 00:00:00",47015,34041
"2024-04-30 00:00:00",47246,33864
"2024-05-01 00:00:00",53071,38698
"2024-05-02 00:00:00",45095,34227
"2024-05-03 00:00:00",48807,36377
"2024-05-04 00:00:00",57653,43116
"2024-05-05 00:00:00",60435,45050
"2024-05-06 00:00:00",48625,34473
"2024-05-07 00:00:00",47036,31769
"2024-05-08 00:00:00",45502,31140
"2024-05-09 00:00:00",48779,32437
"2024-05-10 00:00:00",49065,33187
"2024-05-11 00:00:00",57961,41166
"2024-05-12 00:00:00",59410,45419
"2024-05-13 00:00:00",47713,35277
"2024-05-14 00:00:00",49685,35967
"2024-05-15 00:00:00",49208,36958
"2024-05-16 00:00:00",48832,37236
"2024-05-17 00:00:00",53689,40668
"2024-05-18 00:00:00",66243,52189
"2024-05-19 00:00:00",68656,56291
"2024-05-20 00:00:00",61041,46011
"2024-05-21 00:00:00",56408,43914
"2024-05-22 00:00:00",61167,47017
"2024-05-23 00:00:00",59191,46182
"2024-05-24 00:00:00",67436,50785
"2024-05-25 00:00:00",79393,63094
"2024-05-26 00:00:00",82749,66860
"2024-05-27 00:00:00",77569,58644
"2024-05-28 00:00:00",69585,53975
"2024-05-29 00:00:00",68999,53128
"2024-05-30 00:00:00",73544,55364
"2024-05-31 00:00:00",75739,56555
"2024-06-01 00:00:00",90308,69769
"2024-06-02 00:00:00",94931,75208
"2024-06-03 00:00:00",75184,57983
"2024-06-04 00:00:00",77914,59530
"2024-06-05 00:00:00",89030,65796
"2024-06-06 00:00:00",93372,68389
"2024-06-07 00:00:00",100261,72827
"2024-06-08 00:00:00",121138,91752
"2024-06-09 00:00:00",132915,100303
"2024-06-10 00:00:00",106494,83922
"2024-06-11 00:00:00",111207,79359
"2024-06-12 00:00:00",115872,83281
"2024-06-13 00:00:00",117583,85049
"2024-06-14 00:00:00",128355,92202
"2024-06-15 00:00:00",160525,120493
"2024-06-16 00:00:00",174463,134535
"2024-06-17 00:00:00",159356,116692
"2024-06-18 00:00:00",169779,127153
"2024-06-19 00:00:00",194570,148609
"2024-06-20 00:00:00",558139,205220
"2024-06-21 00:00:00",739677,569232
"2024-06-22 00:00:00",781261,616913
"2024-06-23 00:00:00",766158,609261
"2024-06-24 00:00:00",632363,467956
"2024-06-25 00:00:00",572778,422093
"2024-06-26 00:00:00",531676,394404
"2024-06-27 00:00:00",484319,364966
"2024-06-28 00:00:00",476221,355370
"2024-06-29 00:00:00",519761,407393
"2024-06-30 00:00:00",533563,421055
"2024-07-01 00:00:00",431449,331920
"2024-07-02 00:00:00",410577,313382
"2024-07-03 00:00:00",390289,298038
"2024-07-04 00:00:00",357856,281450
"2024-07-05 00:00:00",360540,270424
"2024-07-06 00:00:00",402967,319157
"2024-07-07 00:00:00",398849,327756
"2024-07-08 00:00:00",313210,251410
"2024-07-09 00:00:00",302534,237429
"2024-07-10 00:00:00",282186,222568
"2024-07-11 00:00:00",271764,214807
"2024-07-12 00:00:00",283636,219451
"2024-07-13 00:00:00",319973,255679
"2024-07-14 00:00:00",319707,259345
"2024-07-15 00:00:00",250046,202571
"2024-07-16 00:00:00",239844,189085
"2024-07-17 00:00:00",224485,177602
"2024-07-18 00:00:00",207832,165253
"2024-07-19 00:00:00",212065,165215
"2024-07-20 00:00:00",239913,193332
"2024-07-21 00:00:00",242663,201166
"2024-07-22 00:00:00",190738,155168
"2024-07-23 00:00:00",186206,148330
"2024-07-24 00:00:00",179482,143781
"2024-07-25 00:00:00",170685,136798
"2024-07-26 00:00:00",174975,133900
"2024-07-27 00:00:00",194927,155064
"2024-07-28 00:00:00",193828,159462
"2024-07-29 00:00:00",154716,123970
"2024-07-30 00:00:00",141146,111816
"2024-07-31 00:00:00",142734,113258
"2024-08-01 00:00:00",137572,108558
"2024-08-02 00:00:00",140965,109222
"2024-08-03 00:00:00",159961,128028
"2024-08-04 00:00:00",162442,133584
"2024-08-05 00:00:00",127883,103803
"2024-08-06 00:00:00",122637,97645
"2024-08-07 00:00:00",117866,93157
"2024-08-08 00:00:00",114320,90314
"2024-08-09 00:00:00",118291,92019
"2024-08-10 00:00:00",131570,105604
"2024-08-11 00:00:00",133651,109037
"2024-08-12 00:00:00",106930,85572
"2024-08-13 00:00:00",97728,75525
"2024-08-14 00:00:00",101603,78666
"2024-08-15 00:00:00",101158,77791
"2024-08-16 00:00:00",100262,76919
"2024-08-17 00:00:00",114695,89642
"2024-08-18 00:00:00",117257,93217
"2024-08-19 00:00:00",91569,71183
"2024-08-20 00:00:00",75811,60737
"2024-08-21 00:00:00",72594,58261
"2024-08-22 00:00:00",70836,56464
"2024-08-23 00:00:00",73889,54320
"2024-08-24 00:00:00",84251,66350
"2024-08-25 00:00:00",87129,71463
"2024-08-26 00:00:00",66588,54034
"2024-08-27 00:00:00",63800,50425
"2024-08-28 00:00:00",61039,48113
"2024-08-29 00:00:00",59857,46965
"2024-08-30 00:00:00",64172,49175
"2024-08-31 00:00:00",73923,58388
"2024-09-01 00:00:00",75046,60071
"2024-09-02 00:00:00",66696,50472
"2024-09-03 00:00:00",55899,43157
"2024-09-04 00:00:00",54939,41244
"2024-09-05 00:00:00",53475,40184
"2024-09-06 00:00:00",57677,42314
"2024-09-07 00:00:00",69709,52971
"2024-09-08 00:00:00",71224,55236
"2024-09-09 00:00:00",53054,39321
"2024-09-10 00:00:00",51230,36963
"2024-09-11 00:00:00",48109,34521
"2024-09-12 00:00:00",52523,37344
"2024-09-13 00:00:00",56175,39497
"2024-09-14 00:00:00",68231,49051
"2024-09-15 00:00:00",71234,53019
"2024-09-16 00:00:00",54350,42931
"2024-09-17 00:00:00",51432,39551
"2024-09-18 00:00:00",51863,35866
"2024-09-19 00:00:00",50772,35045
"2024-09-20 00:00:00",57401,39047
"2024-09-21 00:00:00",71182,51485
"2024-09-22 00:00:00",74241,54768
"2024-09-23 00:00:00",57695,39989
"2024-09-24 00:00:00",57427,38319
"2024-09-25 00:00:00",55908,37428
"2024-09-26 00:00:00",54919,37234
"2024-09-27 00:00:00",57971,39259
"2024-09-28 00:00:00",65854,48555
"2024-09-29 00:00:00",66687,47598
"2024-09-30 00:00:00",50270,36516
"2024-10-01 00:00:00",48445,37017
"2024-10-02 00:00:00",47163,35320
"2024-10-03 00:00:00",47545,35820
"2024-10-04 00:00:00",49412,36400
"2024-10-05 00:00:00",58617,43570
"2024-10-06 00:00:00",61587,45149
"2024-10-07 00:00:00",45874,34137
"2024-10-08 00:00:00",46672,30776
"2024-10-09 00:00:00",45556,30423
"2024-10-10 00:00:00",44675,29701
"2024-10-11 00:00:00",47272,31277
"2024-10-12 00:00:00",56976,38494
"2024-10-13 00:00:00",56621,41466
"2024-10-14 00:00:00",44487,31029
"2024-10-15 00:00:00",42698,28488
"2024-10-16 00:00:00",42706,28127
"2024-10-17 00:00:00",40922,27296
"2024-10-18 00:00:00",44621,29999
"2024-10-19 00:00:00",53206,38674
"2024-10-20 00:00:00",54059,39494
"2024-10-21 00:00:00",41987,28344
"2024-10-22 00:00:00",42811,28013
"2024-10-23 00:00:00",41954,27670
"2024-10-24 00:00:00",41782,27364
"2024-10-25 00:00:00",44504,29198
"2024-10-26 00:00:00",51058,36469
"2024-10-27 00:00:00",50484,37680
"2024-10-28 00:00:00",40759,27332
"2024-10-29 00:00:00",39818,26308
"2024-10-30 00:00:00",38987,25910
"2024-10-31 00:00:00",38979,25632
"2024-11-01 00:00:00",41850,27291
"2024-11-02 00:00:00",44449,33370
"2024-11-03 00:00:00",46820,34314
"2024-11-04 00:00:00",36806,25631
"2024-11-05 00:00:00",35972,24425
"2024-11-06 00:00:00",35332,23795
"2024-11-07 00:00:00",34462,23524
"2024-11-08 00:00:00",37537,25799
"2024-11-09 00:00:00",44916,33249
"2024-11-10 00:00:00",45155,34219
"2024-11-11 00:00:00",36929,25982
"2024-11-12 00:00:00",34949,24026
"2024-11-13 00:00:00",35336,23737
"2024-11-14 00:00:00",34295,23753
"2024-11-15 00:00:00",38308,26310
"2024-11-16 00:00:00",44663,32947
"2024-11-17 00:00:00",45837,34674
"2024-11-18 00:00:00",35039,25034
"2024-11-19 00:00:00",35054,24340
"2024-11-20 00:00:00",35209,24443
"2024-11-21 00:00:00",33292,23494
"2024-11-22 00:00:00",36600,25499
"2024-11-23 00:00:00",43893,32694
"2024-11-24 00:00:00",44081,33818
"2024-11-25 00:00:00",33768,24852
"2024-11-26 00:00:00",33974,24502
"2024-11-27 00:00:00",34019,24702
"2024-11-28 00:00:00",34591,25073
"2024-11-29 00:00:00",37099,26811
"2024-11-30 00:00:00",43601,32876
"2024-12-01 00:00:00",43402,33480
"2024-12-02 00:00:00",33381,24280
"2024-12-03 00:00:00",33204,23640
"2024-12-04 00:00:00",32572,23250
"2024-12-05 00:00:00",32969,23149
"2024-12-06 00:00:00",34976,24215
"2024-12-07 00:00:00",41698,30567
"2024-12-08 00:00:00",41720,31474
"2024-12-09 00:00:00",32564,23040
"2024-12-10 00:00:00",31893,22452
"2024-12-11 00:00:00",31722,22195
"2024-12-12 00:00:00",31233,21939
"2024-12-13 00:00:00",37620,26254
"2024-12-14 00:00:00",46773,35331
"2024-12-15 00:00:00",47716,37868
"2024-12-16 00:00:00",37051,29188
"2024-12-17 00:00:00",37697,29122
"2024-12-18 00:00:00",37515,29039
"2024-12-19 00:00:00",37793,29264
"2024-12-20 00:00:00",51497,36660
"2024-12-21 00:00:00",64495,47826
"2024-12-22 00:00:00",41884,53646
"2024-12-22 01:00:00",42859,53715
"2024-12-22 02:00:00",46694,53669
"2024-12-22 03:00:00",48585,53527
"2024-12-22 04:00:00",50738,53309
"2024-12-22 05:00:00",52426,53023
"2024-12-22 06:00:00",52414,52651
"2024-12-22 07:00:00",51636,52107
"2024-12-22 08:00:00",50961,51472
"2024-12-22 09:00:00",50046,50891
"2024-12-22 10:00:00",49230,50385
"2024-12-22 11:00:00",54724,50056
"2024-12-22 12:00:00",62376,49797
"2024-12-22 13:00:00",68580,49595
"2024-12-22 14:00:00",69195,49419
"2024-12-22 15:00:00",67963,49268
"2024-12-22 16:00:00",60471,49112
"2024-12-22 17:00:00",55266,48921
"2024-12-22 18:00:00",52893,48695
"2024-12-22 19:00:00",53082,48471
"2024-12-22 20:00:00",53375,48261
"2024-12-22 21:00:00",53108,48056
"2024-12-22 22:00:00",51263,47859
"2024-12-22 23:00:00",47738,47694
"2024-12-23 00:00:00",43921,47587
"2024-12-23 01:00:00",42025,47502
"2024-12-23 02:00:00",43473,47469
"2024-12-23 03:00:00",43458,47479
"2024-12-23 04:00:00",43881,47494
"2024-12-23 05:00:00",43484,47564
"2024-12-23 06:00:00",39288,47631
"2024-12-23 07:00:00",36260,47703
"2024-12-23 08:00:00",36907,47780
"2024-12-23 09:00:00",37791,47817
"2024-12-23 10:00:00",41071,47858
"2024-12-23 11:00:00",48029,47883
"2024-12-23 12:00:00",56876,47904
"2024-12-23 13:00:00",63652,47927
"2024-12-23 14:00:00",64896,47978
"2024-12-23 15:00:00",63773,48038
"2024-12-23 16:00:00",55577,48073
"2024-12-23 17:00:00",49554,48079
"2024-12-23 18:00:00",47219,48028
"2024-12-23 19:00:00",47737,47927
"2024-12-23 20:00:00",48136,47766
"2024-12-23 21:00:00",48117,47598
"2024-12-23 22:00:00",47165,47436
"2024-12-23 23:00:00",44808,47270
"2024-12-24 00:00:00",41606,47089
"2024-12-24 01:00:00",41105,46915
"2024-12-24 02:00:00",43723,46685
"2024-12-24 03:00:00",43883,46457
"2024-12-24 04:00:00",45793,46304
"2024-12-24 05:00:00",45550,46219
"2024-12-24 06:00:00",41618,46147
"2024-12-24 07:00:00",38704,46154
"2024-12-24 08:00:00",38279,46200
"2024-12-24 09:00:00",39139,46265
"2024-12-24 10:00:00",41962,46314
"2024-12-24 11:00:00",48760,46356
"2024-12-24 12:00:00",57662,46389
"2024-12-24 13:00:00",65126,46391
"2024-12-24 14:00:00",66623,46375
"2024-12-24 15:00:00",64895,46343
"2024-12-24 16:00:00",56051,46323
"2024-12-24 17:00:00",48590,46357
"2024-12-24 18:00:00",44963,46476
"2024-12-24 19:00:00",43950,46670
"2024-12-24 20:00:00",44165,46938
"2024-12-24 21:00:00",44250,47220
"2024-12-24 22:00:00",43095,47494
"2024-12-24 23:00:00",40314,47778
"2024-12-25 00:00:00",37203,48069
"2024-12-25 01:00:00",35137,48353
"2024-12-25 02:00:00",37779,48657
"2024-12-25 03:00:00",39763,48935
"2024-12-25 04:00:00",43383,49153
"2024-12-25 05:00:00",43456,49288
"2024-12-25 06:00:00",41560,49420
"2024-12-25 07:00:00",39713,49484
"2024-12-25 08:00:00",39818,49508
"2024-12-25 09:00:00",40282,49544
"2024-12-25 10:00:00",42932,49582
"2024-12-25 11:00:00",49484,49648
"2024-12-25 12:00:00",57521,49734
"2024-12-25 13:00:00",64512,49838
"2024-12-25 14:00:00",65600,49976
"2024-12-25 15:00:00",64250,50146
"2024-12-25 16:00:00",56986,50350
"2024-12-25 17:00:00",51884,50555
"2024-12-25 18:00:00",50416,50715
"2024-12-25 19:00:00",51402,50869
"2024-12-25 20:00:00",52000,50983
"2024-12-25 21:00:00",51946,51120
"2024-12-25 22:00:00",51131,51263
"2024-12-25 23:00:00",48572,51409
"2024-12-26 00:00:00",45481,51569
"2024-12-26 01:00:00",43997,51709
"2024-12-26 02:00:00",45774,51850
"2024-12-26 03:00:00",45983,51999
"2024-12-26 04:00:00",47400,52129
"2024-12-26 05:00:00",47139,52231
"2024-12-26 06:00:00",43285,52330
"2024-12-26 07:00:00",40308,52446
"2024-12-26 08:00:00",40801,52570
"2024-12-26 09:00:00",41331,52642
"2024-12-26 10:00:00",44748,52724
"2024-12-26 11:00:00",51992,52824
"2024-12-26 12:00:00",60562,52933
"2024-12-26 13:00:00",68546,53040
"2024-12-26 14:00:00",70486,53128
"2024-12-26 15:00:00",69850,53241
"2024-12-26 16:00:00",62303,53380
"2024-12-26 17:00:00",55675,53625
"2024-12-26 18:00:00",53754,53876
"2024-12-26 19:00:00",53598,54047
"2024-12-26 20:00:00",54808,54163
"2024-12-26 21:00:00",54847,54256
"2024-12-26 22:00:00",54069,54347
"2024-12-26 23:00:00",51890,54445
"2024-12-27 00:00:00",48118,54521
"2024-12-27 01:00:00",46808,54612
"2024-12-27 02:00:00",49033,54779
"2024-12-27 03:00:00",49089,55001
"2024-12-27 04:00:00",49742,55275
"2024-12-27 05:00:00",49746,55573
"2024-12-27 06:00:00",46527,55895
"2024-12-27 07:00:00",43725,56318
"2024-12-27 08:00:00",42744,56772
"2024-12-27 09:00:00",43463,57208
"2024-12-27 10:00:00",47251,57594
"2024-12-27 11:00:00",54656,57855
"2024-12-27 12:00:00",62972,58066
"2024-12-27 13:00:00",70291,58251
"2024-12-27 14:00:00",72806,58429
"2024-12-27 15:00:00",72912,58644
"2024-12-27 16:00:00",68675,58878
"2024-12-27 17:00:00",62291,59114
"2024-12-27 18:00:00",58342,59346
"2024-12-27 19:00:00",56484,59546
"2024-12-27 20:00:00",57021,59721
"2024-12-27 21:00:00",57010,59894
"2024-12-27 22:00:00",56345,60066
"2024-12-27 23:00:00",53668,60224
"2024-12-28 00:00:00",50297,60370
"2024-12-28 01:00:00",51087,60520
"2024-12-28 02:00:00",54927,60667
"2024-12-28 03:00:00",56642,60822
"2024-12-28 04:00:00",57950,60997
"2024-12-28 05:00:00",58531,61186
"2024-12-28 06:00:00",58250,61418
"2024-12-28 07:00:00",56689,61667
"2024-12-28 08:00:00",55156,61911
"2024-12-28 09:00:00",54376,62143
"2024-12-28 10:00:00",54506,62314
"2024-12-28 11:00:00",60533,62417
"2024-12-28 12:00:00",68232,62532
"2024-12-28 13:00:00",75220,62655
"2024-12-28 14:00:00",78689,62794
"2024-12-28 15:00:00",78593,62879
"2024-12-28 16:00:00",74371,62940
"2024-12-28 17:00:00",68326,62933
"2024-12-28 18:00:00",63823,62929
"2024-12-28 19:00:00",61390,62984
"2024-12-28 20:00:00",61890,63154
"2024-12-28 21:00:00",61852,63340
"2024-12-28 22:00:00",60882,63523
"2024-12-28 23:00:00",57757,63671
"2024-12-29 00:00:00",54016,63806
"2024-12-29 01:00:00",54274,63917
"2024-12-29 02:00:00",57957,63936
"2024-12-29 03:00:00",60097,63871
"2024-12-29 04:00:00",61638,63742
"2024-12-29 05:00:00",62760,63549
"2024-12-29 06:00:00",62645,63312
"2024-12-29 07:00:00",61018,62956
"2024-12-29 08:00:00",59537,62566
"2024-12-29 09:00:00",57819,62184
"2024-12-29 10:00:00",56260,61850
"2024-12-29 11:00:00",62768,61675
"2024-12-29 12:00:00",70833,61528
"2024-12-29 13:00:00",78023,61416
"2024-12-29 14:00:00",79862,61295
"2024-12-29 15:00:00",79040,61172
"2024-12-29 16:00:00",72614,61021
"2024-12-29 17:00:00",66778,60844
"2024-12-29 18:00:00",64215,60685
"2024-12-29 19:00:00",65355,60566
"2024-12-29 20:00:00",66352,60418
"2024-12-29 21:00:00",66330,60278
"2024-12-29 22:00:00",64380,60129
"2024-12-29 23:00:00",60968,60020
"2024-12-30 00:00:00",56647,59937
"2024-12-30 01:00:00",54045,59861
"2024-12-30 02:00:00",54979,59815
"2024-12-30 03:00:00",54999,59788
"2024-12-30 04:00:00",54358,59741
"2024-12-30 05:00:00",53972,59711
"2024-12-30 06:00:00",50091,59648
"2024-12-30 07:00:00",47297,59583
"2024-12-30 08:00:00",46334,59507
"2024-12-30 09:00:00",46612,59433
"2024-12-30 10:00:00",49888,59392
"2024-12-30 11:00:00",57132,59320
"2024-12-30 12:00:00",66239,59241
"2024-12-30 13:00:00",73615,59145
"2024-12-30 14:00:00",75653,59041
"2024-12-30 15:00:00",74634,58985
"2024-12-30 16:00:00",67296,58944
"2024-12-30 17:00:00",61368,59009
"2024-12-30 18:00:00",58849,59051
"2024-12-30 19:00:00",58857,58972
"2024-12-30 20:00:00",60068,58743
"2024-12-30 21:00:00",60025,58400
"2024-12-30 22:00:00",59450,58034
"2024-12-30 23:00:00",57079,57677
"2024-12-31 00:00:00",53979,57325
"2024-12-31 01:00:00",53346,57070
"2024-12-31 02:00:00",55651,56912
"2024-12-31 03:00:00",55859,56779
"2024-12-31 04:00:00",56376,56695
"2024-12-31 05:00:00",56301,56657
"2024-12-31 06:00:00",52886,56710
"2024-12-31 07:00:00",49550,56905
"2024-12-31 08:00:00",47978,57189
"2024-12-31 09:00:00",47576,57489
"2024-12-31 10:00:00",49560,57743
"2024-12-31 11:00:00",56158,57853
"2024-12-31 12:00:00",64678,57921
"2024-12-31 13:00:00",71704,57954
"2024-12-31 14:00:00",75424,58000
"2024-12-31 15:00:00",75317,58012
"2024-12-31 16:00:00",71568,58064
"2024-12-31 17:00:00",64908,58064
"2024-12-31 18:00:00",58784,58085
"2024-12-31 19:00:00",53653,58197
"2024-12-31 20:00:00",51021,58445
"2024-12-31 21:00:00",49663,58784
"2024-12-31 22:00:00",48882,59158
"2024-12-31 23:00:00",46196,59507
"2025-01-01 00:00:00",45507,59862
"2025-01-01 01:00:00",47596,60141
"2025-01-01 02:00:00",50615,60304
"2025-01-01 03:00:00",52011,60399
"2025-01-01 04:00:00",53974,60473
"2025-01-01 05:00:00",56776,60480
"2025-01-01 06:00:00",58532,60462
"2025-01-01 07:00:00",58527,60340
"2025-01-01 08:00:00",57813,60151
"2025-01-01 09:00:00",56460,59936
"2025-01-01 10:00:00",53758,59697
"2025-01-01 11:00:00",59171,59612
"2025-01-01 12:00:00",66652,59570
"2025-01-01 13:00:00",73393,59566
"2025-01-01 14:00:00",75507,59559
"2025-01-01 15:00:00",75117,59534
"2025-01-01 16:00:00",69860,59479
"2025-01-01 17:00:00",65642,59427
"2025-01-01 18:00:00",65124,59417
"2025-01-01 19:00:00",66711,59465
"2025-01-01 20:00:00",68028,59556
"2025-01-01 21:00:00",68108,59664
"2025-01-01 22:00:00",66747,59764
"2025-01-01 23:00:00",63171,59851
"2025-01-02 00:00:00",58554,59902
"2025-01-02 01:00:00",56209,59893
"2025-01-02 02:00:00",56234,59899
"2025-01-02 03:00:00",56198,59932
"2025-01-02 04:00:00",54316,59909
"2025-01-02 05:00:00",53611,59864
"2025-01-02 06:00:00",49865,59736
"2025-01-02 07:00:00",46914,59583
"2025-01-02 08:00:00",45649,59421
"2025-01-02 09:00:00",45796,59297
"2025-01-02 10:00:00",49241,59268
"2025-01-02 11:00:00",56753,59268
"2025-01-02 12:00:00",65747,59314
"2025-01-02 13:00:00",73228,59371
"2025-01-02 14:00:00",74842,59420
"2025-01-02 15:00:00",74130,59495
"2025-01-02 16:00:00",67695,59563
"2025-01-02 17:00:00",61957,59650
"2025-01-02 18:00:00",59862,59688
"2025-01-02 19:00:00",60785,59663
"2025-01-02 20:00:00",61882,59577
"2025-01-02 21:00:00",61869,59483
"2025-01-02 22:00:00",60413,59386
"2025-01-02 23:00:00",57584,59322
"2025-01-03 00:00:00",53148,59266
"2025-01-03 01:00:00",53054,59279
"2025-01-03 02:00:00",54839,59315
"2025-01-03 03:00:00",54911,59385
"2025-01-03 04:00:00",54194,59515
"2025-01-03 05:00:00",53607,59684
"2025-01-03 06:00:00",50622,59888
"2025-01-03 07:00:00",47749,60165
"2025-01-03 08:00:00",47085,60482
"2025-01-03 09:00:00",47266,60772
"2025-01-03 10:00:00",50570,61027
"2025-01-03 11:00:00",58976,61236
"2025-01-03 12:00:00",67937,61403
"2025-01-03 13:00:00",75451,61547
"2025-01-03 14:00:00",78245,61721
"2025-01-03 15:00:00",78054,61920
"2025-01-03 16:00:00",73279,62153
"2025-01-03 17:00:00",66695,62404
"2025-01-03 18:00:00",62624,62631
"2025-01-03 19:00:00",61300,62820
"2025-01-03 20:00:00",62163,62985
"2025-01-03 21:00:00",62123,63141
"2025-01-03 22:00:00",61547,63312
"2025-01-03 23:00:00",58936,63469
"2025-01-04 00:00:00",55757,63629
"2025-01-04 01:00:00",55493,63756
"2025-01-04 02:00:00",58571,63878
"2025-01-04 03:00:00",60280,64042
"2025-01-04 04:00:00",61060,64223
"2025-01-04 05:00:00",61415,64430
"2025-01-04 06:00:00",61358,64695
"2025-01-04 07:00:00",59716,64978
"2025-01-04 08:00:00",57991,65250
"2025-01-04 09:00:00",56886,65500
"2025-01-04 10:00:00",57754,65685
"2025-01-04 11:00:00",64492,65807
"2025-01-04 12:00:00",72532,65895
"2025-01-04 13:00:00",80407,65998
"2025-01-04 14:00:00",83895,66073
"2025-01-04 15:00:00",83919,66107
"2025-01-04 16:00:00",80527,66160
"2025-01-04 17:00:00",74320,66174
"2025-01-04 18:00:00",70382,66214
"2025-01-04 19:00:00",68243,66285
"2025-01-04 20:00:00",68757,66434
"2025-01-04 21:00:00",68765,66583
"2025-01-04 22:00:00",67458,66704
"2025-01-04 23:00:00",64068,66775
"2025-01-05 00:00:00",59608,66779
"2025-01-05 01:00:00",58211,66755
"2025-01-05 02:00:00",61796,66711
"2025-01-05 03:00:00",63108,66570
"2025-01-05 04:00:00",64187,66404
"2025-01-05 05:00:00",64771,66167
"2025-01-05 06:00:00",64484,65870
"2025-01-05 07:00:00",63164,65506
"2025-01-05 08:00:00",61461,65105
"2025-01-05 09:00:00",59491,64728
"2025-01-05 10:00:00",58899,64377
"2025-01-05 11:00:00",64893,64114
"2025-01-05 12:00:00",73285,63905
"2025-01-05 13:00:00",79339,63648
"2025-01-05 14:00:00",80878,63345
"2025-01-05 15:00:00",80556,63038
"2025-01-05 16:00:00",75092,62682
"2025-01-05 17:00:00",69850,62327
"2025-01-05 18:00:00",67888,62012
"2025-01-05 19:00:00",69396,61778
"2025-01-05 20:00:00",69868,61522
"2025-01-05 21:00:00",69218,61243
"2025-01-05 22:00:00",66328,60932
"2025-01-05 23:00:00",60995,60579
"2025-01-06 00:00:00",56235,60250
"2025-01-06 01:00:00",53479,59940
"2025-01-06 02:00:00",53044,59639
"2025-01-06 03:00:00",52947,59355
"2025-01-06 04:00:00",50520,58999
"2025-01-06 05:00:00",48533,58603
"2025-01-06 06:00:00",44816,58146
"2025-01-06 07:00:00",41720,57665
"2025-01-06 08:00:00",41728,57223
"2025-01-06 09:00:00",42125,56829
"2025-01-06 10:00:00",46146,56524
"2025-01-06 11:00:00",54208,56238
"2025-01-06 12:00:00",61990,55911
"2025-01-06 13:00:00",67694,55571
"2025-01-06 14:00:00",69288,55227
"2025-01-06 15:00:00",68570,54858
"2025-01-06 16:00:00",62253,54472
"2025-01-06 17:00:00",56959,54092
"2025-01-06 18:00:00",55294,53729
"2025-01-06 19:00:00",55706,53344
"2025-01-06 20:00:00",55663,52956
"2025-01-06 21:00:00",54942,52565
"2025-01-06 22:00:00",51886,52177
"2025-01-06 23:00:00",47957,51825
"2025-01-07 00:00:00",45320,51530
"2025-01-07 01:00:00",46883,51330
"2025-01-07 02:00:00",48661,51197
"2025-01-07 03:00:00",48637,51066
"2025-01-07 04:00:00",46918,50951
"2025-01-07 05:00:00",45469,50857
"2025-01-07 06:00:00",42505,50772
"2025-01-07 07:00:00",39644,50702
"2025-01-07 08:00:00",39658,50644
"2025-01-07 09:00:00",39739,50566
"2025-01-07 10:00:00",42644,50462
"2025-01-07 11:00:00",49370,50332
"2025-01-07 12:00:00",56930,50203
"2025-01-07 13:00:00",62375,50067
"2025-01-07 14:00:00",63209,49911
"2025-01-07 15:00:00",62624,49759
"2025-01-07 16:00:00",56635,49607
"2025-01-07 17:00:00",51960,49478
"2025-01-07 18:00:00",50414,49349
"2025-01-07 19:00:00",51241,49235
"2025-01-07 20:00:00",51221,49107
"2025-01-07 21:00:00",50852,48984
"2025-01-07 22:00:00",48153,48862
"2025-01-07 23:00:00",44800,48755
"2025-01-08 00:00:00",42281,48652
"2025-01-08 01:00:00",44716,48588
"2025-01-08 02:00:00",46577,48525
"2025-01-08 03:00:00",46572,48466
"2025-01-08 04:00:00",45290,48416
"2025-01-08 05:00:00",43526,48358
"2025-01-08 06:00:00",40989,48312
"2025-01-08 07:00:00",38817,48283
"2025-01-08 08:00:00",38133,48235
"2025-01-08 09:00:00",38155,48176
"2025-01-08 10:00:00",41310,48121
"2025-01-08 11:00:00",48361,48062
"2025-01-08 12:00:00",55875,47991
"2025-01-08 13:00:00",61186,47907
"2025-01-08 14:00:00",62131,47831
"2025-01-08 15:00:00",61163,47746
"2025-01-08 16:00:00",55670,47681
"2025-01-08 17:00:00",50916,47632
"2025-01-08 18:00:00",49669,47604
"2025-01-08 19:00:00",49717,47562
"2025-01-08 20:00:00",49532,47523
"2025-01-08 21:00:00",48804,47479
"2025-01-08 22:00:00",46232,47439
"2025-01-08 23:00:00",42922,47400
"2025-01-09 00:00:00",41432,47387
"2025-01-09 01:00:00",43843,47368
"2025-01-09 02:00:00",45858,47348
"2025-01-09 03:00:00",45870,47336
"2025-01-09 04:00:00",44517,47321
"2025-01-09 05:00:00",42857,47308
"2025-01-09 06:00:00",40369,47304
"2025-01-09 07:00:00",38101,47296
"2025-01-09 08:00:00",36834,47276
"2025-01-09 09:00:00",36785,47255
"2025-01-09 10:00:00",39256,47215
"2025-01-09 11:00:00",45700,47145
"2025-01-09 12:00:00",52648,47064
"2025-01-09 13:00:00",58257,47001
"2025-01-09 14:00:00",59171,46951
"2025-01-09 15:00:00",58690,46942
"2025-01-09 16:00:00",54199,46964
"2025-01-09 17:00:00",50172,47037
"2025-01-09 18:00:00",49275,47113
"2025-01-09 19:00:00",49753,47175
"2025-01-09 20:00:00",49773,47222
"2025-01-09 21:00:00",49090,47294
"2025-01-09 22:00:00",46530,47382
"2025-01-09 23:00:00",43314,47504
"2025-01-10 00:00:00",41513,47633
"2025-01-10 01:00:00",43620,47727
"2025-01-10 02:00:00",46069,47811
"2025-01-10 03:00:00",46095,47909
"2025-01-10 04:00:00",44601,48021
"2025-01-10 05:00:00",43493,48174
"2025-01-10 06:00:00",40927,48338
"2025-01-10 07:00:00",38743,48538
"2025-01-10 08:00:00",37583,48752
"2025-01-10 09:00:00",37469,48962
"2025-01-10 10:00:00",39027,49139
"2025-01-10 11:00:00",45721,49335
"2025-01-10 12:00:00",53319,49548
"2025-01-10 13:00:00",59788,49780
"2025-01-10 14:00:00",62473,50054
"2025-01-10 15:00:00",62435,50337
"2025-01-10 16:00:00",59936,50674
"2025-01-10 17:00:00",55596,50993
"2025-01-10 18:00:00",53160,51267
"2025-01-10 19:00:00",52457,51494
"2025-01-10 20:00:00",53921,51743
"2025-01-10 21:00:00",54329,52009
"2025-01-10 22:00:00",53770,52323
"2025-01-10 23:00:00",51533,52656
"2025-01-11 00:00:00",48122,52917
"2025-01-11 01:00:00",48863,53126
"2025-01-11 02:00:00",52227,53341
"2025-01-11 03:00:00",53461,53583
"2025-01-11 04:00:00",53711,53868
"2025-01-11 05:00:00",53568,54181
"2025-01-11 06:00:00",53265,54560
"2025-01-11 07:00:00",51859,54966
"2025-01-11 08:00:00",50660,55372
"2025-01-11 09:00:00",50065,55764
"2025-01-11 10:00:00",52566,56181
"2025-01-11 11:00:00",59284,56588
"2025-01-11 12:00:00",66786,56991
"2025-01-11 13:00:00",72894,57387
"2025-01-11 14:00:00",75579,57782
"2025-01-11 15:00:00",75527,58155
"2025-01-11 16:00:00",72520,58508
"2025-01-11 17:00:00",67939,58841
"2025-01-11 18:00:00",64581,59148
"2025-01-11 19:00:00",62789,59439
"2025-01-11 20:00:00",63389,59721
"2025-01-11 21:00:00",63398,59979
"2025-01-11 22:00:00",62309,60202
"2025-01-11 23:00:00",58111,60328
"2025-01-12 00:00:00",53731,60407
"2025-01-12 01:00:00",53039,60450
"2025-01-12 02:00:00",56021,60485
"2025-01-12 03:00:00",56854,60482
"2025-01-12 04:00:00",57150,60468
"2025-01-12 05:00:00",57243,60429
"2025-01-12 06:00:00",57162,60370
"2025-01-12 07:00:00",55849,60289
"2025-01-12 08:00:00",54463,60199
"2025-01-12 09:00:00",53746,60106
"2025-01-12 10:00:00",55372,59990
"2025-01-12 11:00:00",61915,59869
"2025-01-12 12:00:00",69585,59752
"2025-01-12 13:00:00",75443,59621
"2025-01-12 14:00:00",76529,59430
"2025-01-12 15:00:00",75934,59220
"2025-01-12 16:00:00",71795,58977
"2025-01-12 17:00:00",67130,58723
"2025-01-12 18:00:00",64795,58514
"2025-01-12 19:00:00",64094,58367
"2025-01-12 20:00:00",63668,58206
"2025-01-12 21:00:00",62071,58004
"2025-01-12 22:00:00",57802,57718
"2025-01-12 23:00:00",52020,57399
"2025-01-13 00:00:00",47886,57112
"2025-01-13 01:00:00",47380,56870
"2025-01-13 02:00:00",48238,56595
"2025-01-13 03:00:00",47964,56298
"2025-01-13 04:00:00",45617,55925
"2025-01-13 05:00:00",43555,55487
"2025-01-13 06:00:00",41319,54987
"2025-01-13 07:00:00",39467,54473
"2025-01-13 08:00:00",38070,53958
"2025-01-13 09:00:00",37247,53447
"2025-01-13 10:00:00",38812,52935
"2025-01-13 11:00:00",45056,52420
"2025-01-13 12:00:00",51988,51885
"2025-01-13 13:00:00",56654,51313
"2025-01-13 14:00:00",57283,50726
"2025-01-13 15:00:00",56512,50129
"2025-01-13 16:00:00",51533,49506
"2025-01-13 17:00:00",47926,48918
"2025-01-13 18:00:00",47848,48395
"2025-01-13 19:00:00",48345,47898
"2025-01-13 20:00:00",48350,47409
"2025-01-13 21:00:00",47667,46947
"2025-01-13 22:00:00",44441,46516
"2025-01-13 23:00:00",40754,46170
"2025-01-14 00:00:00",39976,45913
"2025-01-14 01:00:00",42147,45733
"2025-01-14 02:00:00",44114,45589
"2025-01-14 03:00:00",44118,45448
"2025-01-14 04:00:00",41975,45314
"2025-01-14 05:00:00",40274,45198
"2025-01-14 06:00:00",38379,45092
"2025-01-14 07:00:00",36594,44988
"2025-01-14 08:00:00",35989,44907
"2025-01-14 09:00:00",35423,44831
"2025-01-14 10:00:00",37670,44780
"2025-01-14 11:00:00",44327,44742
"2025-01-14 12:00:00",45556,44709
"2025-01-14 12:10:00",46791,
"2025-01-14 12:20:00",48044,
"2025-01-14 12:30:00",49311,
"2025-01-14 12:40:00",50439,
"2025-01-14 12:50:00",51468,
"2025-01-14 13:00:00",52303,44676
"2025-01-14 13:10:00",53233,
"2025-01-14 13:20:00",54077,
"2025-01-14 13:30:00",54822,
"2025-01-14 13:40:00",55603,
"2025-01-14 13:50:00",56207,
"2025-01-14 14:00:00",56426,44638
"2025-01-14 14:10:00",56550,
"2025-01-14 14:20:00",56506,
"2025-01-14 14:30:00",56439,
"2025-01-14 14:40:00",56578,
"2025-01-14 14:50:00",56464,
"2025-01-14 15:00:00",56040,44617
"2025-01-14 15:10:00",55256,
"2025-01-14 15:20:00",54695,
"2025-01-14 15:30:00",53895,
"2025-01-14 15:40:00",53000,
"2025-01-14 15:50:00",52282,
"2025-01-14 16:00:00",51496,44605
"2025-01-14 16:10:00",50517,
"2025-01-14 16:20:00",49651,
"2025-01-14 16:30:00",48930,
"2025-01-14 16:40:00",48367,
"2025-01-14 16:50:00",48025,
"2025-01-14 17:00:00",47514,44587
"2025-01-14 17:10:00",47130,
"2025-01-14 17:20:00",46755,
"2025-01-14 17:30:00",46554,
"2025-01-14 17:40:00",46598,
"2025-01-14 17:50:00",46602,
"2025-01-14 18:00:00",46567,44544
"2025-01-14 18:10:00",46336,
"2025-01-14 18:20:00",46233,
"2025-01-14 18:30:00",46309,
"2025-01-14 18:40:00",46438,
"2025-01-14 18:50:00",46645,
"2025-01-14 19:00:00",46539,44485
"2025-01-14 19:10:00",46500,
"2025-01-14 19:20:00",46603,
"2025-01-14 19:30:00",46724,
"2025-01-14 19:40:00",46773,
"2025-01-14 19:50:00",46788,
"2025-01-14 20:00:00",46655,44419
"2025-01-14 20:10:00",46560,
"2025-01-14 20:20:00",46636,
"2025-01-14 20:30:00",46698,
"2025-01-14 20:40:00",46621,
"2025-01-14 20:50:00",46414,
"2025-01-14 21:00:00",46038,44354
"2025-01-14 21:10:00",45535,
"2025-01-14 21:20:00",45136,
"2025-01-14 21:30:00",44822,
"2025-01-14 21:40:00",44822,
"2025-01-14 21:50:00",44822,
"2025-01-14 22:00:00",44822,44350
"2025-01-14 22:10:00",44822,
"2025-01-14 22:20:00",41910,
"2025-01-14 22:30:00",41489,
"2025-01-14 22:40:00",40868,
"2025-01-14 22:50:00",40221,
"2025-01-14 23:00:00",39737,44288
"2025-01-14 23:10:00",30624,
"2025-01-14 23:20:00",37390,
"2025-01-14 23:30:00",37368,
"2025-01-14 23:40:00",37240,
"2025-01-14 23:50:00",37076,
"2025-01-15 00:00:00",37140,44220
"2025-01-15 00:10:00",37110,
"2025-01-15 00:20:00",37256,
"2025-01-15 00:30:00",37401,
"2025-01-15 00:40:00",37871,
"2025-01-15 00:50:00",38171,
"2025-01-15 01:00:00",38469,44163
"2025-01-15 01:10:00",38893,
"2025-01-15 01:20:00",39259,
"2025-01-15 01:30:00",39721,
"2025-01-15 01:40:00",40228,
"2025-01-15 01:50:00",40580,
"2025-01-15 02:00:00",41039,44088
"2025-01-15 02:10:00",41173,
"2025-01-15 02:20:00",41391,
"2025-01-15 02:30:00",41675,
"2025-01-15 02:40:00",41873,
"2025-01-15 02:50:00",42015,
"2025-01-15 03:00:00",42065,44020
"2025-01-15 03:10:00",41880,
"2025-01-15 03:20:00",41864,
"2025-01-15 03:30:00",41550,
"2025-01-15 03:40:00",41205,
"2025-01-15 03:50:00",40843,
"2025-01-15 04:00:00",40531,43972
"2025-01-15 04:10:00",39813,
"2025-01-15 04:20:00",39512,
"2025-01-15 04:30:00",39418,
"2025-01-15 04:40:00",39216,
"2025-01-15 04:50:00",39128,
"2025-01-15 05:00:00",38888,43928
"2025-01-15 05:10:00",38574,
"2025-01-15 05:20:00",37947,
"2025-01-15 05:30:00",37857,
"2025-01-15 05:40:00",37555,
"2025-01-15 05:50:00",37250,
"2025-01-15 06:00:00",36919,43879
"2025-01-15 06:10:00",36494,
"2025-01-15 06:20:00",36093,
"2025-01-15 06:30:00",35719,
"2025-01-15 06:40:00",35434,
"2025-01-15 06:50:00",35206,
"2025-01-15 07:00:00",34912,43822
"2025-01-15 07:10:00",34658,
"2025-01-15 07:20:00",34365,
"2025-01-15 07:30:00",34164,
"2025-01-15 07:40:00",34061,
"2025-01-15 07:50:00",34073,
"2025-01-15 08:00:00",33983,43756
"2025-01-15 08:10:00",33714,
"2025-01-15 08:20:00",33663,
"2025-01-15 08:30:00",33783,
"2025-01-15 08:40:00",33904,
"2025-01-15 08:50:00",33863,
"2025-01-15 09:00:00",33798,43705
"2025-01-15 09:10:00",33671,
"2025-01-15 09:20:00",33618,
"2025-01-15 09:30:00",33518,
"2025-01-15 09:40:00",33498,
"2025-01-15 09:50:00",33519,
"2025-01-15 10:00:00",33734,43651
"2025-01-15 10:10:00",33777,
"2025-01-15 10:20:00",34152,
"2025-01-15 10:30:00",34666,
"2025-01-15 10:40:00",35233,
"2025-01-15 10:50:00",36031,
"2025-01-15 11:00:00",36783,43583
"2025-01-15 11:10:00",37721,
"2025-01-15 11:20:00",38918,
"2025-01-15 11:30:00",40095,
"2025-01-15 11:40:00",41396,
"2025-01-15 11:50:00",42436,
"2025-01-15 12:00:00",43568,43503
"2025-01-15 12:10:00",44919,
"2025-01-15 12:20:00",46082,
"2025-01-15 12:30:00",47133,
"2025-01-15 12:40:00",48279,
"2025-01-15 12:50:00",49296,
"2025-01-15 13:00:00",50277,43435
"2025-01-15 13:10:00",51185,
"2025-01-15 13:20:00",52374,
"2025-01-15 13:30:00",53052,
"2025-01-15 13:40:00",53723,
"2025-01-15 13:50:00",54482,
"2025-01-15 14:00:00",55002,43397
"2025-01-15 14:10:00",55417,
"2025-01-15 14:20:00",55590,
"2025-01-15 14:30:00",55748,
"2025-01-15 14:40:00",55544,
"2025-01-15 14:50:00",55179,
"2025-01-15 15:00:00",54706,43339
"2025-01-15 15:10:00",54154,
"2025-01-15 15:20:00",53568,
"2025-01-15 15:30:00",52888,
"2025-01-15 15:40:00",52235,
"2025-01-15 15:50:00",51657,
"2025-01-15 16:00:00",50772,43305
"2025-01-15 16:10:00",49626,
"2025-01-15 16:20:00",48855,
"2025-01-15 16:30:00",48237,
"2025-01-15 16:40:00",47332,
"2025-01-15 16:50:00",47031,
"2025-01-15 17:00:00",46790,43272
"2025-01-15 17:10:00",45400,
"2025-01-15 17:20:00",45946,
"2025-01-15 17:30:00",46038,
"2025-01-15 17:40:00",45815,
"2025-01-15 17:50:00",45541,
"2025-01-15 18:00:00",45523,43229
"2025-01-15 18:10:00",45275,
"2025-01-15 18:20:00",45212,
"2025-01-15 18:30:00",45143,
"2025-01-15 18:40:00",45202,
"2025-01-15 18:50:00",45006,
"2025-01-15 19:00:00",44751,43175
"2025-01-15 19:10:00",44830,
"2025-01-15 19:20:00",45106,
"2025-01-15 19:30:00",45139,
"2025-01-15 19:40:00",45253,
"2025-01-15 19:50:00",45224,
"2025-01-15 20:00:00",45188,43125
"2025-01-15 20:10:00",45050,
"2025-01-15 20:20:00",45108,
"2025-01-15 20:30:00",44906,
"2025-01-15 20:40:00",44611,
"2025-01-15 20:50:00",44365,
"2025-01-15 21:00:00",44046,43059
"2025-01-15 21:10:00",43399,
"2025-01-15 21:20:00",43002,
"2025-01-15 21:30:00",42682,
"2025-01-15 21:40:00",42306,
"2025-01-15 21:50:00",41722,
"2025-01-15 22:00:00",41335,42947
"2025-01-15 22:10:00",40818,
"2025-01-15 22:20:00",40279,
"2025-01-15 22:30:00",39827,
"2025-01-15 22:40:00",39413,
"2025-01-15 22:50:00",38956,
"2025-01-15 23:00:00",38550,42910
"2025-01-15 23:10:00",37907,
"2025-01-15 23:20:00",37672,
"2025-01-15 23:30:00",37328,
"2025-01-15 23:40:00",37094,
"2025-01-15 23:50:00",36538,
"2025-01-16 00:00:00",36472,42882
"2025-01-16 00:10:00",36409,
"2025-01-16 00:20:00",36494,
"2025-01-16 00:30:00",36672,
"2025-01-16 00:40:00",36991,
"2025-01-16 00:50:00",37289,
"2025-01-16 01:00:00",37395,42848
"2025-01-16 01:10:00",37804,
"2025-01-16 01:20:00",38219,
"2025-01-16 01:30:00",38674,
"2025-01-16 01:40:00",39141,
"2025-01-16 01:50:00",39627,
"2025-01-16 02:00:00",40020,42840
"2025-01-16 02:10:00",40375,
"2025-01-16 02:20:00",41006,
"2025-01-16 02:30:00",41335,
"2025-01-16 02:40:00",41479,
"2025-01-16 02:50:00",41774,
"2025-01-16 03:00:00",41833,42830
"2025-01-16 03:10:00",41805,
"2025-01-16 03:20:00",41730,
"2025-01-16 03:30:00",41525,
"2025-01-16 03:40:00",41014,
"2025-01-16 03:50:00",40791,
"2025-01-16 04:00:00",40507,42829
"2025-01-16 04:10:00",39947,
"2025-01-16 04:20:00",39447,
"2025-01-16 04:30:00",39199,
"2025-01-16 04:40:00",39000,
"2025-01-16 04:50:00",38786,
"2025-01-16 05:00:00",38573,42819
"2025-01-16 05:10:00",38177,
"2025-01-16 05:20:00",37810,
"2025-01-16 05:30:00",37481,
"2025-01-16 05:40:00",37075,
"2025-01-16 05:50:00",36798,
"2025-01-16 06:00:00",36569,42809
"2025-01-16 06:10:00",36128,
"2025-01-16 06:20:00",35825,
"2025-01-16 06:30:00",35632,
"2025-01-16 06:40:00",35350,
"2025-01-16 06:50:00",35085,
"2025-01-16 07:00:00",34840,42811
"2025-01-16 07:10:00",34573,
"2025-01-16 07:20:00",34451,
"2025-01-16 07:30:00",34366,
"2025-01-16 07:40:00",34198,
"2025-01-16 07:50:00",34230,
"2025-01-16 08:00:00",34200,42826
"2025-01-16 08:10:00",34079,
"2025-01-16 08:20:00",34108,
"2025-01-16 08:30:00",34010,
"2025-01-16 08:40:00",33766,
"2025-01-16 08:50:00",33778,
"2025-01-16 09:00:00",33651,42827
"2025-01-16 09:10:00",33585,
"2025-01-16 09:20:00",33621,
"2025-01-16 09:30:00",33439,
"2025-01-16 09:40:00",33285,
"2025-01-16 09:50:00",33258,
"2025-01-16 10:00:00",33091,42810
"2025-01-16 10:10:00",33251,
"2025-01-16 10:20:00",33572,
"2025-01-16 10:30:00",34044,
"2025-01-16 10:40:00",34503,
"2025-01-16 10:50:00",35366,
"2025-01-16 11:00:00",35976,42779
"2025-01-16 11:10:00",36916,
"2025-01-16 11:20:00",38007,
"2025-01-16 11:30:00",39073,
"2025-01-16 11:40:00",40197,
"2025-01-16 11:50:00",41383,
"2025-01-16 12:00:00",42403,42737
"2025-01-16 12:10:00",43494,
"2025-01-16 12:20:00",44713,
"2025-01-16 12:30:00",45805,
"2025-01-16 12:40:00",46857,
"2025-01-16 12:50:00",47916,
"2025-01-16 13:00:00",48846,42700
"2025-01-16 13:10:00",49646,
"2025-01-16 13:20:00",50568,
"2025-01-16 13:30:00",51500,
"2025-01-16 13:40:00",52401,
"2025-01-16 13:50:00",53061,
"2025-01-16 14:00:00",53485,42654
"2025-01-16 14:10:00",53676,
"2025-01-16 14:20:00",53828,
"2025-01-16 14:30:00",53927,
"2025-01-16 14:40:00",53905,
"2025-01-16 14:50:00",53697,
"2025-01-16 15:00:00",53300,42633
"2025-01-16 15:10:00",52580,
"2025-01-16 15:20:00",52058,
"2025-01-16 15:30:00",51565,
"2025-01-16 15:40:00",50869,
"2025-01-16 15:50:00",50189,
"2025-01-16 16:00:00",49587,42622
"2025-01-16 16:10:00",48677,
"2025-01-16 16:20:00",47850,
"2025-01-16 16:30:00",47299,
"2025-01-16 16:40:00",46655,
"2025-01-16 16:50:00",46354,
"2025-01-16 17:00:00",45998,42632
"2025-01-16 17:10:00",45577,
"2025-01-16 17:20:00",45322,
"2025-01-16 17:30:00",45165,
"2025-01-16 17:40:00",45101,
"2025-01-16 17:50:00",45120,
"2025-01-16 18:00:00",45035,42649
"2025-01-16 18:10:00",44540,
"2025-01-16 18:20:00",44614,
"2025-01-16 18:30:00",44570,
"2025-01-16 18:40:00",44598,
"2025-01-16 18:50:00",44651,
"2025-01-16 19:00:00",44661,42676
"2025-01-16 19:10:00",44662,
"2025-01-16 19:20:00",44911,
"2025-01-16 19:30:00",44892,
"2025-01-16 19:40:00",45103,
"2025-01-16 19:50:00",45329,
"2025-01-16 20:00:00",45249,42690
"2025-01-16 20:10:00",45077,
"2025-01-16 20:20:00",45102,
"2025-01-16 20:30:00",45106,
"2025-01-16 20:40:00",45231,
"2025-01-16 20:50:00",45071,
"2025-01-16 21:00:00",44717,42733
"2025-01-16 21:10:00",44143,
"2025-01-16 21:20:00",43634,
"2025-01-16 21:30:00",43227,
"2025-01-16 21:40:00",42724,
"2025-01-16 21:50:00",42158,
"2025-01-16 22:00:00",41778,42774
"2025-01-16 22:10:00",40918,
"2025-01-16 22:20:00",40428,
"2025-01-16 22:30:00",40033,
"2025-01-16 22:40:00",39506,
"2025-01-16 22:50:00",39145,
"2025-01-16 23:00:00",38683,42819
"2025-01-16 23:10:00",38022,
"2025-01-16 23:20:00",37615,
"2025-01-16 23:30:00",37240,
"2025-01-16 23:40:00",36884,
"2025-01-16 23:50:00",36639,
"2025-01-17 00:00:00",36445,42852
"2025-01-17 00:10:00",36351,
"2025-01-17 00:20:00",36369,
"2025-01-17 00:30:00",36602,
"2025-01-17 00:40:00",36729,
"2025-01-17 00:50:00",37071,
"2025-01-17 01:00:00",37421,42880
"2025-01-17 01:10:00",37723,
"2025-01-17 01:20:00",38293,
"2025-01-17 01:30:00",38661,
"2025-01-17 01:40:00",39206,
"2025-01-17 01:50:00",39523,
"2025-01-17 02:00:00",39993,42894
"2025-01-17 02:10:00",40318,
"2025-01-17 02:20:00",40701,
"2025-01-17 02:30:00",41128,
"2025-01-17 02:40:00",41294,
"2025-01-17 02:50:00",41478,
"2025-01-17 03:00:00",41641,42923
"2025-01-17 03:10:00",41372,
"2025-01-17 03:20:00",41480,
"2025-01-17 03:30:00",41418,
"2025-01-17 03:40:00",41240,
"2025-01-17 03:50:00",41027,
"2025-01-17 04:00:00",40595,42966
"2025-01-17 04:10:00",40051,
"2025-01-17 04:20:00",39601,
"2025-01-17 04:30:00",39392,
"2025-01-17 04:40:00",39098,
"2025-01-17 04:50:00",38941,
"2025-01-17 05:00:00",38788,43018
"2025-01-17 05:10:00",38311,
"2025-01-17 05:20:00",38117,
"2025-01-17 05:30:00",37852,
"2025-01-17 05:40:00",37637,
"2025-01-17 05:50:00",37437,
"2025-01-17 06:00:00",37147,43094
"2025-01-17 06:10:00",36638,
"2025-01-17 06:20:00",36269,
"2025-01-17 06:30:00",36131,
"2025-01-17 06:40:00",36015,
"2025-01-17 06:50:00",35964,
"2025-01-17 07:00:00",35775,43190
"2025-01-17 07:10:00",35477,
"2025-01-17 07:20:00",35462,
"2025-01-17 07:30:00",35514,
"2025-01-17 07:40:00",35366,
"2025-01-17 07:50:00",35255,
"2025-01-17 08:00:00",35011,43281
"2025-01-17 08:10:00",34825,
"2025-01-17 08:20:00",34688,
"2025-01-17 08:30:00",34708,
"2025-01-17 08:40:00",34650,
"2025-01-17 08:50:00",34586,
"2025-01-17 09:00:00",34548,43373
"2025-01-17 09:10:00",34362,
"2025-01-17 09:20:00",34211,
"2025-01-17 09:30:00",34037,
"2025-01-17 09:40:00",34026,
"2025-01-17 09:50:00",33966,
"2025-01-17 10:00:00",34154,43461
"2025-01-17 10:10:00",34151,
"2025-01-17 10:20:00",34294,
"2025-01-17 10:30:00",34695,
"2025-01-17 10:40:00",35365,
"2025-01-17 10:50:00",36124,
"2025-01-17 11:00:00",36852,43554
"2025-01-17 11:10:00",37876,
"2025-01-17 11:20:00",38815,
"2025-01-17 11:30:00",39913,
"2025-01-17 11:40:00",41186,
"2025-01-17 11:50:00",42237,
"2025-01-17 12:00:00",43529,43677
"2025-01-17 12:10:00",44605,
"2025-01-17 12:20:00",45763,
"2025-01-17 12:30:00",47117,
"2025-01-17 12:40:00",48433,
"2025-01-17 12:50:00",49700,
"2025-01-17 13:00:00",50714,43834
"2025-01-17 13:10:00",51703,
"2025-01-17 13:20:00",52835,
"2025-01-17 13:30:00",53890,
"2025-01-17 13:40:00",54829,
"2025-01-17 13:50:00",55812,
"2025-01-17 14:00:00",56368,44042
"2025-01-17 14:10:00",56989,
"2025-01-17 14:20:00",57428,
"2025-01-17 14:30:00",57790,
"2025-01-17 14:40:00",58006,
"2025-01-17 14:50:00",58165,
"2025-01-17 15:00:00",58063,44268
"2025-01-17 15:10:00",57587,
"2025-01-17 15:20:00",57181,
"2025-01-17 15:30:00",56746,
"2025-01-17 15:40:00",56299,
"2025-01-17 15:50:00",55834,
"2025-01-17 16:00:00",55436,44532
"2025-01-17 16:10:00",54448,
"2025-01-17 16:20:00",53775,
"2025-01-17 16:30:00",53212,
"2025-01-17 16:40:00",52592,
"2025-01-17 16:50:00",52056,
"2025-01-17 17:00:00",51461,44782
"2025-01-17 17:10:00",50926,
"2025-01-17 17:20:00",50459,
"2025-01-17 17:30:00",50122,
"2025-01-17 17:40:00",49738,
"2025-01-17 17:50:00",49401,
"2025-01-17 18:00:00",49075,44977
"2025-01-17 18:10:00",48584,
"2025-01-17 18:20:00",48350,
"2025-01-17 18:30:00",48064,
"2025-01-17 18:40:00",47730,
"2025-01-17 18:50:00",47580,
"2025-01-17 19:00:00",47295,45101
"2025-01-17 19:10:00",47038,
"2025-01-17 19:20:00",47121,
"2025-01-17 19:30:00",47132,
"2025-01-17 19:40:00",47166,
"2025-01-17 19:50:00",47534,
"2025-01-17 20:00:00",47825,45270
"2025-01-17 20:10:00",47880,
"2025-01-17 20:20:00",48161,
"2025-01-17 20:30:00",48218,
"2025-01-17 20:40:00",48502,
"2025-01-17 20:50:00",48693,
"2025-01-17 21:00:00",48797,45471
"2025-01-17 21:10:00",48943,
"2025-01-17 21:20:00",49156,
"2025-01-17 21:30:00",49136,
"2025-01-17 21:40:00",49031,
"2025-01-17 21:50:00",48895,
"2025-01-17 22:00:00",48627,45758
"2025-01-17 22:10:00",48127,
"2025-01-17 22:20:00",47780,
"2025-01-17 22:30:00",47269,
"2025-01-17 22:40:00",46696,
"2025-01-17 22:50:00",46186,
"2025-01-17 23:00:00",45760,46047
"2025-01-17 23:10:00",45078,
"2025-01-17 23:20:00",44543,
"2025-01-17 23:30:00",44093,
"2025-01-17 23:40:00",43662,
"2025-01-17 23:50:00",43229,
"2025-01-18 00:00:00",42736,46282
"2025-01-18 00:10:00",42287,
"2025-01-18 00:20:00",41929,
"2025-01-18 00:30:00",41921,
"2025-01-18 00:40:00",41856,
"2025-01-18 00:50:00",41988,
"2025-01-18 01:00:00",42131,46477
"2025-01-18 01:10:00",42484,
"2025-01-18 01:20:00",42875,
"2025-01-18 01:30:00",43502,
"2025-01-18 01:40:00",43883,
"2025-01-18 01:50:00",44270,
"2025-01-18 02:00:00",44866,46732
"2025-01-18 02:10:00",45555,
"2025-01-18 02:20:00",46267,
"2025-01-18 02:30:00",46794,
"2025-01-18 02:40:00",47465,
"2025-01-18 02:50:00",48099,
"2025-01-18 03:00:00",48463,47009
"2025-01-18 03:10:00",48758,
"2025-01-18 03:20:00",48975,
"2025-01-18 03:30:00",48980,
"2025-01-18 03:40:00",48950,
"2025-01-18 03:50:00",49025,
"2025-01-18 04:00:00",49009,47324
"2025-01-18 04:10:00",48847,
"2025-01-18 04:20:00",48735,
"2025-01-18 04:30:00",48690,
"2025-01-18 04:40:00",48655,
"2025-01-18 04:50:00",48858,
"2025-01-18 05:00:00",48884,47713
"2025-01-18 05:10:00",48822,
"2025-01-18 05:20:00",49005,
"2025-01-18 05:30:00",49085,
"2025-01-18 05:40:00",49070,
"2025-01-18 05:50:00",49139,
"2025-01-18 06:00:00",49006,48159
"2025-01-18 06:10:00",48774,
"2025-01-18 06:20:00",48447,
"2025-01-18 06:30:00",48226,
"2025-01-18 06:40:00",48215,
"2025-01-18 06:50:00",48076,
"2025-01-18 07:00:00",47750,48610
"2025-01-18 07:10:00",47532,
"2025-01-18 07:20:00",47316,
"2025-01-18 07:30:00",47255,
"2025-01-18 07:40:00",47132,
"2025-01-18 07:50:00",47020,
"2025-01-18 08:00:00",46895,49062
"2025-01-18 08:10:00",46816,
"2025-01-18 08:20:00",46851,
"2025-01-18 08:30:00",46886,
"2025-01-18 08:40:00",46848,
"2025-01-18 08:50:00",46882,
"2025-01-18 09:00:00",46804,49527
"2025-01-18 09:10:00",46653,
"2025-01-18 09:20:00",46600,
"2025-01-18 09:30:00",46523,
"2025-01-18 09:40:00",46463,
"2025-01-18 09:50:00",46501,
"2025-01-18 10:00:00",46551,50007
"2025-01-18 10:10:00",46563,
"2025-01-18 10:20:00",46857,
"2025-01-18 10:30:00",47199,
"2025-01-18 10:40:00",48033,
"2025-01-18 10:50:00",48809,
"2025-01-18 11:00:00",49588,50477
"2025-01-18 11:10:00",50527,
"2025-01-18 11:20:00",51621,
"2025-01-18 11:30:00",52433,
"2025-01-18 11:40:00",53516,
"2025-01-18 11:50:00",54644,
"2025-01-18 12:00:00",55695,50943
"2025-01-18 12:10:00",56857,
"2025-01-18 12:20:00",58142,
"2025-01-18 12:30:00",59457,
"2025-01-18 12:40:00",60795,
"2025-01-18 12:50:00",61951,
"2025-01-18 13:00:00",63242,51402
"2025-01-18 13:10:00",64276,
"2025-01-18 13:20:00",65215,
"2025-01-18 13:30:00",66186,
"2025-01-18 13:40:00",67122,
"2025-01-18 13:50:00",67871,
"2025-01-18 14:00:00",68648,51854
"2025-01-18 14:10:00",69213,
"2025-01-18 14:20:00",69307,
"2025-01-18 14:30:00",69703,
"2025-01-18 14:40:00",69921,
"2025-01-18 14:50:00",70060,
"2025-01-18 15:00:00",69985,52302
"2025-01-18 15:10:00",69704,
"2025-01-18 15:20:00",69485,
"2025-01-18 15:30:00",69211,
"2025-01-18 15:40:00",68599,
"2025-01-18 15:50:00",68136,
"2025-01-18 16:00:00",67317,52749
"2025-01-18 16:10:00",66537,
"2025-01-18 16:20:00",65517,
"2025-01-18 16:30:00",64895,
"2025-01-18 16:40:00",64151,
"2025-01-18 16:50:00",63716,
"2025-01-18 17:00:00",63083,53184
"2025-01-18 17:10:00",62306,
"2025-01-18 17:20:00",61709,
"2025-01-18 17:30:00",61121,
"2025-01-18 17:40:00",60708,
"2025-01-18 17:50:00",60362,
"2025-01-18 18:00:00",59888,53593
"2025-01-18 18:10:00",59301,
"2025-01-18 18:20:00",59068,
"2025-01-18 18:30:00",58980,
"2025-01-18 18:40:00",58745,
"2025-01-18 18:50:00",58597,
"2025-01-18 19:00:00",58565,54016
"2025-01-18 19:10:00",58282,
"2025-01-18 19:20:00",58318,
"2025-01-18 19:30:00",58349,
"2025-01-18 19:40:00",58423,
"2025-01-18 19:50:00",58402,
"2025-01-18 20:00:00",58439,54418
"2025-01-18 20:10:00",58508,
"2025-01-18 20:20:00",58651,
"2025-01-18 20:30:00",58915,
"2025-01-18 20:40:00",59022,
"2025-01-18 20:50:00",59029,
"2025-01-18 21:00:00",58990,54799
"2025-01-18 21:10:00",58879,
"2025-01-18 21:20:00",58718,
"2025-01-18 21:30:00",58589,
"2025-01-18 21:40:00",58216,
"2025-01-18 21:50:00",57779,
"2025-01-18 22:00:00",57411,55134
"2025-01-18 22:10:00",56932,
"2025-01-18 22:20:00",56415,
"2025-01-18 22:30:00",56075,
"2025-01-18 22:40:00",55632,
"2025-01-18 22:50:00",54862,
"2025-01-18 23:00:00",54078,55442
"2025-01-18 23:10:00",53250,
"2025-01-18 23:20:00",52402,
"2025-01-18 23:30:00",51742,
"2025-01-18 23:40:00",51078,
"2025-01-18 23:50:00",50531,
"2025-01-19 00:00:00",49781,55694
"2025-01-19 00:10:00",48908,
"2025-01-19 00:20:00",48310,
"2025-01-19 00:30:00",48067,
"2025-01-19 00:40:00",47835,
"2025-01-19 00:50:00",47698,
"2025-01-19 01:00:00",47709,55867
"2025-01-19 01:10:00",47672,
"2025-01-19 01:20:00",47961,
"2025-01-19 01:30:00",48308,
"2025-01-19 01:40:00",48713,
"2025-01-19 01:50:00",49229,
"2025-01-19 02:00:00",49481,55995
"2025-01-19 02:10:00",50019,
"2025-01-19 02:20:00",50554,
"2025-01-19 02:30:00",51102,
"2025-01-19 02:40:00",51675,
"2025-01-19 02:50:00",51884,
"2025-01-19 03:00:00",52149,56116
"2025-01-19 03:10:00",52484,
"2025-01-19 03:20:00",52586,
"2025-01-19 03:30:00",52628,
"2025-01-19 03:40:00",52654,
"2025-01-19 03:50:00",52663,
"2025-01-19 04:00:00",52617,56244
"2025-01-19 04:10:00",52399,
"2025-01-19 04:20:00",52468,
"2025-01-19 04:30:00",52339,
"2025-01-19 04:40:00",52576,
"2025-01-19 04:50:00",52845,
"2025-01-19 05:00:00",52909,56371
"2025-01-19 05:10:00",52911,
"2025-01-19 05:20:00",52892,
"2025-01-19 05:30:00",52888,
"2025-01-19 05:40:00",53054,
"2025-01-19 05:50:00",53047,
"2025-01-19 06:00:00",53036,56498
"2025-01-19 06:10:00",52840,
"2025-01-19 06:20:00",52900,
"2025-01-19 06:30:00",52676,
"2025-01-19 06:40:00",52566,
"2025-01-19 06:50:00",52353,
"2025-01-19 07:00:00",52402,56644
"2025-01-19 07:10:00",52115,
"2025-01-19 07:20:00",51925,
"2025-01-19 07:30:00",51753,
"2025-01-19 07:40:00",51510,
"2025-01-19 07:50:00",51311,
"2025-01-19 08:00:00",51201,56773
"2025-01-19 08:10:00",50992,
"2025-01-19 08:20:00",50722,
"2025-01-19 08:30:00",50584,
"2025-01-19 08:40:00",50534,
"2025-01-19 08:50:00",50671,
"2025-01-19 09:00:00",50597,56883
"2025-01-19 09:10:00",50413,
"2025-01-19 09:20:00",50387,
"2025-01-19 09:30:00",50353,
"2025-01-19 09:40:00",50291,
"2025-01-19 09:50:00",50203,
"2025-01-19 10:00:00",50304,56986
"2025-01-19 10:10:00",50431,
"2025-01-19 10:20:00",50693,
"2025-01-19 10:30:00",51008,
"2025-01-19 10:40:00",51618,
"2025-01-19 10:50:00",52424,
"2025-01-19 11:00:00",53271,57099
"2025-01-19 11:10:00",54325,
"2025-01-19 11:20:00",55421,
"2025-01-19 11:30:00",56414,
"2025-01-19 11:40:00",57556,
"2025-01-19 11:50:00",58586,
"2025-01-19 12:00:00",59575,57198
"2025-01-19 12:10:00",60736,
"2025-01-19 12:20:00",61921,
"2025-01-19 12:30:00",63046,
"2025-01-19 12:40:00",64131,
"2025-01-19 12:50:00",65509,
"2025-01-19 13:00:00",66610,57287
"2025-01-19 13:10:00",67704,
"2025-01-19 13:20:00",68618,
"2025-01-19 13:30:00",69454,
"2025-01-19 13:40:00",70357,
"2025-01-19 13:50:00",71082,
"2025-01-19 14:00:00",71375,57324
"2025-01-19 14:10:00",71635,
"2025-01-19 14:20:00",71931,
"2025-01-19 14:30:00",71930,
"2025-01-19 14:40:00",71926,
"2025-01-19 14:50:00",71658,
"2025-01-19 15:00:00",71455,57350
"2025-01-19 15:10:00",70931,
"2025-01-19 15:20:00",70340,
"2025-01-19 15:30:00",69851,
"2025-01-19 15:40:00",69248,
"2025-01-19 15:50:00",68652,
"2025-01-19 16:00:00",68077,57350
"2025-01-19 16:10:00",66998,
"2025-01-19 16:20:00",66630,
"2025-01-19 16:30:00",65982,
"2025-01-19 16:40:00",65327,
"2025-01-19 16:50:00",64940,
"2025-01-19 17:00:00",64522,57380
"2025-01-19 17:10:00",63892,
"2025-01-19 17:20:00",63744,
"2025-01-19 17:30:00",63681,
"2025-01-19 17:40:00",63399,
"2025-01-19 17:50:00",63066,
"2025-01-19 18:00:00",62882,57478
"2025-01-19 18:10:00",62690,
"2025-01-19 18:20:00",62880,
"2025-01-19 18:30:00",62773,
"2025-01-19 18:40:00",62703,
"2025-01-19 18:50:00",62638,
"2025-01-19 19:00:00",62609,57625
"2025-01-19 19:10:00",62499,
"2025-01-19 19:20:00",62540,
"2025-01-19 19:30:00",62454,
"2025-01-19 19:40:00",62408,
"2025-01-19 19:50:00",62245,
"2025-01-19 20:00:00",62354,57749
"2025-01-19 20:10:00",62087,
"2025-01-19 20:20:00",61885,
"2025-01-19 20:30:00",61583,
"2025-01-19 20:40:00",61343,
"2025-01-19 20:50:00",61065,
"2025-01-19 21:00:00",60643,57810
"2025-01-19 21:10:00",59724,
"2025-01-19 21:20:00",59163,
"2025-01-19 21:30:00",58368,
"2025-01-19 21:40:00",57580,
"2025-01-19 21:50:00",56880,
"2025-01-19 22:00:00",55968,57752
"2025-01-19 22:10:00",55036,
"2025-01-19 22:20:00",53976,
"2025-01-19 22:30:00",53096,
"2025-01-19 22:40:00",52101,
"2025-01-19 22:50:00",51224,
"2025-01-19 23:00:00",50139,57598
"2025-01-19 23:10:00",49000,
"2025-01-19 23:20:00",48186,
"2025-01-19 23:30:00",47485,
"2025-01-19 23:40:00",46645,
"2025-01-19 23:50:00",46171,
"2025-01-20 00:00:00",45729,57443
"2025-01-20 00:10:00",45246,
"2025-01-20 00:20:00",44785,
"2025-01-20 00:30:00",44706,
"2025-01-20 00:40:00",44476,
"2025-01-20 00:50:00",44485,
"2025-01-20 01:00:00",44377,57287
"2025-01-20 01:10:00",44368,
"2025-01-20 01:20:00",44480,
"2025-01-20 01:30:00",44593,
"2025-01-20 01:40:00",44876,
"2025-01-20 01:50:00",45112,
"2025-01-20 02:00:00",45368,57099
"2025-01-20 02:10:00",45838,
"2025-01-20 02:20:00",46174,
"2025-01-20 02:30:00",46446,
"2025-01-20 02:40:00",46595,
"2025-01-20 02:50:00",46883,
"2025-01-20 03:00:00",46971,56883
"2025-01-20 03:10:00",46786,
"2025-01-20 03:20:00",46696,
"2025-01-20 03:30:00",46671,
"2025-01-20 03:40:00",46351,
"2025-01-20 03:50:00",46049,
"2025-01-20 04:00:00",45733,56609
"2025-01-20 04:10:00",45044,
"2025-01-20 04:20:00",44792,
"2025-01-20 04:30:00",44496,
"2025-01-20 04:40:00",44352,
"2025-01-20 04:50:00",44329,
"2025-01-20 05:00:00",44324,56270
"2025-01-20 05:10:00",43844,
"2025-01-20 05:20:00",43528,
"2025-01-20 05:30:00",43239,
"2025-01-20 05:40:00",42728,
"2025-01-20 05:50:00",42314,
"2025-01-20 06:00:00",41968,55835
"2025-01-20 06:10:00",41466,
"2025-01-20 06:20:00",41138,
"2025-01-20 06:30:00",40788,
"2025-01-20 06:40:00",40467,
"2025-01-20 06:50:00",39998,
"2025-01-20 07:00:00",39460,55324
"2025-01-20 07:10:00",39204,
"2025-01-20 07:20:00",38828,
"2025-01-20 07:30:00",38474,
"2025-01-20 07:40:00",38217,
"2025-01-20 07:50:00",38052,
"2025-01-20 08:00:00",37630,54788
"2025-01-20 08:10:00",37314,
"2025-01-20 08:20:00",37101,
"2025-01-20 08:30:00",37021,
"2025-01-20 08:40:00",36730,
"2025-01-20 08:50:00",36669,
"2025-01-20 09:00:00",36555,54233
"2025-01-20 09:10:00",36202,
"2025-01-20 09:20:00",35876,
"2025-01-20 09:30:00",35563,
"2025-01-20 09:40:00",35153,
"2025-01-20 09:50:00",35034,
"2025-01-20 10:00:00",34772,53608
"2025-01-20 10:10:00",34704,
"2025-01-20 10:20:00",34892,
"2025-01-20 10:30:00",35344,
"2025-01-20 10:40:00",35911,
"2025-01-20 10:50:00",36695,
"2025-01-20 11:00:00",37398,52979
"2025-01-20 11:10:00",38292,
"2025-01-20 11:20:00",39371,
"2025-01-20 11:30:00",40462,
"2025-01-20 11:40:00",41623,
"2025-01-20 11:50:00",42711,
"2025-01-20 12:00:00",43867,52344
"2025-01-20 12:10:00",44890,
"2025-01-20 12:20:00",46124,
"2025-01-20 12:30:00",47195,
"2025-01-20 12:40:00",48436,
"2025-01-20 12:50:00",49564,
"2025-01-20 13:00:00",50446,51694
"2025-01-20 13:10:00",51498,
"2025-01-20 13:20:00",52466,
"2025-01-20 13:30:00",53423,
"2025-01-20 13:40:00",54251,
"2025-01-20 13:50:00",54877,
"2025-01-20 14:00:00",55491,51063
"2025-01-20 14:10:00",55866,
"2025-01-20 14:20:00",56171,
"2025-01-20 14:30:00",56333,
"2025-01-20 14:40:00",56395,
"2025-01-20 14:50:00",56313,
"2025-01-20 15:00:00",56082,50433
"2025-01-20 15:10:00",55631,
"2025-01-20 15:20:00",55210,
"2025-01-20 15:30:00",54740,
"2025-01-20 15:40:00",54156,
"2025-01-20 15:50:00",53894,
"2025-01-20 16:00:00",53280,49826
"2025-01-20 16:10:00",52475,
"2025-01-20 16:20:00",52175,
"2025-01-20 16:30:00",51826,
"2025-01-20 16:40:00",51727,
"2025-01-20 16:50:00",51579,
"2025-01-20 17:00:00",51477,49295
"2025-01-20 17:10:00",51190,
"2025-01-20 17:20:00",51155,
"2025-01-20 17:30:00",51151,
"2025-01-20 17:40:00",51400,
"2025-01-20 17:50:00",51544,
"2025-01-20 18:00:00",51697,48882
"2025-01-20 18:10:00",51863,
"2025-01-20 18:20:00",51922,
"2025-01-20 18:30:00",52092,
"2025-01-20 18:40:00",52517,
"2025-01-20 18:50:00",52796,
"2025-01-20 19:00:00",53038,48539
"2025-01-20 19:10:00",53014,
"2025-01-20 19:20:00",53410,
"2025-01-20 19:30:00",53768,
"2025-01-20 19:40:00",54062,
"2025-01-20 19:50:00",54306,
"2025-01-20 20:00:00",54371,48206
"2025-01-20 20:10:00",54226,
"2025-01-20 20:20:00",54160,
"2025-01-20 20:30:00",54015,
"2025-01-20 20:40:00",53990,
"2025-01-20 20:50:00",53921,
"2025-01-20 21:00:00",53747,47916
"2025-01-20 21:10:00",53115,
"2025-01-20 21:20:00",52542,
"2025-01-20 21:30:00",52061,
"2025-01-20 21:40:00",51424,
"2025-01-20 21:50:00",51054,
"2025-01-20 22:00:00",50315,47677
"2025-01-20 22:10:00",49402,
"2025-01-20 22:20:00",48596,
"2025-01-20 22:30:00",47712,
"2025-01-20 22:40:00",46999,
"2025-01-20 22:50:00",46511,
"2025-01-20 23:00:00",45753,47494
"2025-01-20 23:10:00",44926,
"2025-01-20 23:20:00",44102,
"2025-01-20 23:30:00",43516,
"2025-01-20 23:40:00",43084,
"2025-01-20 23:50:00",42723,
"2025-01-21 00:00:00",42347,47358
"2025-01-21 00:10:00",41883,
"2025-01-21 00:20:00",41702,
"2025-01-21 00:30:00",41585,
"2025-01-21 00:40:00",41471,
"2025-01-21 00:50:00",41578,
"2025-01-21 01:00:00",41681,47299
"2025-01-21 01:10:00",41969,
"2025-01-21 01:20:00",42351,
"2025-01-21 01:30:00",42765,
"2025-01-21 01:40:00",43025,
"2025-01-21 01:50:00",43492,
"2025-01-21 02:00:00",43699,47226
"2025-01-21 02:10:00",43913,
"2025-01-21 02:20:00",44292,
"2025-01-21 02:30:00",44747,
"2025-01-21 02:40:00",44889,
"2025-01-21 02:50:00",44982,
"2025-01-21 03:00:00",44948,47146
"2025-01-21 03:10:00",44789,
"2025-01-21 03:20:00",44589,
"2025-01-21 03:30:00",44340,
"2025-01-21 03:40:00",43999,
"2025-01-21 03:50:00",43607,
"2025-01-21 04:00:00",43021,47037
"2025-01-21 04:10:00",42334,
"2025-01-21 04:20:00",42024,
"2025-01-21 04:30:00",41907,
"2025-01-21 04:40:00",41577,
"2025-01-21 04:50:00",41335,
"2025-01-21 05:00:00",41028,46907
"2025-01-21 05:10:00",40493,
"2025-01-21 05:20:00",40317,
"2025-01-21 05:30:00",39974,
"2025-01-21 05:40:00",39495,
"2025-01-21 05:50:00",38992,
"2025-01-21 06:00:00",38681,46779
"2025-01-21 06:10:00",38099,
"2025-01-21 06:20:00",37668,
"2025-01-21 06:30:00",37504,
"2025-01-21 06:40:00",37246,
"2025-01-21 06:50:00",37076,
"2025-01-21 07:00:00",36853,46683
"2025-01-21 07:10:00",36504,
"2025-01-21 07:20:00",36168,
"2025-01-21 07:30:00",35911,
"2025-01-21 07:40:00",35795,
"2025-01-21 07:50:00",35700,
"2025-01-21 08:00:00",35451,46606
"2025-01-21 08:10:00",35132,
"2025-01-21 08:20:00",34989,
"2025-01-21 08:30:00",34880,
"2025-01-21 08:40:00",34782,
"2025-01-21 08:50:00",34746,
"2025-01-21 09:00:00",34581,46539
"2025-01-21 09:10:00",34384,
"2025-01-21 09:20:00",34234,
"2025-01-21 09:30:00",34093,
"2025-01-21 09:40:00",33994,
"2025-01-21 09:50:00",34015,
"2025-01-21 10:00:00",34039,46534
"2025-01-21 10:10:00",34071,
"2025-01-21 10:20:00",34383,
"2025-01-21 10:30:00",34772,
"2025-01-21 10:40:00",35309,
"2025-01-21 10:50:00",36168,
"2025-01-21 11:00:00",36965,46523
"2025-01-21 11:10:00",37796,
"2025-01-21 11:20:00",38880,
"2025-01-21 11:30:00",39848,
"2025-01-21 11:40:00",41104,
"2025-01-21 11:50:00",42125,46523