"DateTime","Positive reviews","Negative reviews","Rating"
"2022-02-25 00:00:00",11759,-7883,59.86661236126667
"2022-02-26 00:00:00",36326,-21128,63.22623316044139
"2022-02-27 00:00:00",58969,-26686,68.84478430914716
"2022-02-28 00:00:00",77582,-29324,72.57029539969693
"2022-03-01 00:00:00",91914,-30727,74.94557285084107
"2022-03-02 00:00:00",106996,-31909,77.02818473057125
"2022-03-03 00:00:00",136307,-33280,80.37585428128335
"2022-03-04 00:00:00",148181,-33889,81.38682924150052
"2022-03-05 00:00:00",162322,-34756,82.36434305198956
"2022-03-06 00:00:00",174888,-35520,83.11851260408349
"2022-03-07 00:00:00",185206,-35976,83.73466195260012
"2022-03-08 00:00:00",194790,-36313,84.28709276815965
"2022-03-09 00:00:00",203261,-36780,84.67761757366449
"2022-03-10 00:00:00",211773,-37334,85.01286595719911
"2022-03-11 00:00:00",219420,-38033,85.22720651924817
"2022-03-12 00:00:00",226509,-38600,85.43995111444727
"2022-03-13 00:00:00",235000,-39273,85.68105500723732
"2022-03-14 00:00:00",243427,-39795,85.9491847384737
"2022-03-15 00:00:00",249641,-40173,86.13835080430897
"2022-03-16 00:00:00",255893,-40541,86.32376852857634
"2022-03-17 00:00:00",261863,-40880,86.49679761381765
"2022-03-18 00:00:00",276593,-41302,87.00765976187105
"2022-03-19 00:00:00",284156,-41646,87.21738970294841
"2022-03-20 00:00:00",290399,-42112,87.33515582943122
"2022-03-21 00:00:00",296307,-42492,87.45805034843669
"2022-03-22 00:00:00",305697,-42981,87.67315402749814
"2022-03-23 00:00:00",313196,-43162,87.88802271872667
"2022-03-24 00:00:00",318041,-43396,87.9934815749356
"2022-03-25 00:00:00",321576,-43633,88.05259454175555
"2022-03-26 00:00:00",325413,-43936,88.10447571267284
"2022-03-27 00:00:00",329635,-44302,88.15254976105601
"2022-03-28 00:00:00",333474,-44547,88.21573404652122
"2022-03-29 00:00:00",336678,-44689,88.28189119666882
"2022-03-30 00:00:00",339964,-44869,88.34065685635068
"2022-03-31 00:00:00",342871,-45040,88.3890892498537
"2022-04-01 00:00:00",345716,-45215,88.43402032583755
"2022-04-02 00:00:00",348308,-45372,88.47490347490347
"2022-04-03 00:00:00",351258,-45594,88.51108221704817
"2022-04-04 00:00:00",354539,-45856,88.54730953183731
"2022-04-05 00:00:00",360236,-46147,88.6444560919133
"2022-04-06 00:00:00",362444,-46282,88.6765216795604
"2022-04-07 00:00:00",364571,-46403,88.70901808873553
"2022-04-08 00:00:00",366554,-46524,88.7372360667961
"2022-04-09 00:00:00",368750,-46734,88.75191343108278
"2022-04-10 00:00:00",371348,-46918,88.78273634481405
"2022-04-11 00:00:00",373560,-47042,88.81555484757561
"2022-04-12 00:00:00",375588,-47170,88.84231640796862
"2022-04-13 00:00:00",377376,-47300,88.86209722235304
"2022-04-14 00:00:00",379305,-47434,88.88454066771493
"2022-04-15 00:00:00",381155,-47543,88.90990860699141
"2022-04-16 00:00:00",382865,-47650,88.93186067848971
"2022-04-17 00:00:00",384962,-47805,88.95364018051283
"2022-04-18 00:00:00",386746,-47936,88.97216815971217
"2022-04-19 00:00:00",392160,-48087,89.07726798819753
"2022-04-20 00:00:00",394518,-48116,89.12961950505384
"2022-04-21 00:00:00",396166,-48125,89.16813529871189
"2022-04-22 00:00:00",397542,-48145,89.19757587724119
"2022-04-23 00:00:00",399137,-48204,89.2243277499715
"2022-04-24 00:00:00",400725,-48269,89.24952226533094
"2022-04-25 00:00:00",402371,-48335,89.27571410187572
"2022-04-26 00:00:00",403591,-48383,89.29518069623474
"2022-04-27 00:00:00",404832,-48448,89.31168372749735
"2022-04-28 00:00:00",406710,-48500,89.34557676676698
"2022-04-29 00:00:00",407826,-48558,89.36027555742533
"2022-04-30 00:00:00",410194,-48636,89.39999564108712
"2022-05-01 00:00:00",411621,-48709,89.41867790498121
"2022-05-02 00:00:00",412650,-48793,89.4259962768966
"2022-05-03 00:00:00",413742,-48845,89.44090517027067
"2022-05-04 00:00:00",414799,-48912,89.45205095415032
"2022-05-05 00:00:00",416036,-48979,89.4672214874789
"2022-05-06 00:00:00",417056,-49029,89.48067412596414
"2022-05-07 00:00:00",418006,-49058,89.496514396314
"2022-05-08 00:00:00",419022,-49112,89.50898674311202
"2022-05-09 00:00:00",420092,-49150,89.52566053337084
"2022-05-10 00:00:00",420873,-49187,89.53601667872186
"2022-05-11 00:00:00",421616,-49207,89.5487263791276
"2022-05-12 00:00:00",422968,-49267,89.5672705326797
"2022-05-13 00:00:00",423709,-49330,89.57168436429131
"2022-05-14 00:00:00",424572,-49391,89.57914436358956
"2022-05-15 00:00:00",425494,-49462,89.58598270155551
"2022-05-16 00:00:00",426188,-49494,89.59514970085057
"2022-05-17 00:00:00",426826,-49520,89.60419526982487
"2022-05-18 00:00:00",427526,-49532,89.61719539343224
"2022-05-19 00:00:00",428105,-49583,89.62021235618228
"2022-05-20 00:00:00",428712,-49619,89.62663929371084
"2022-05-21 00:00:00",429420,-49652,89.63579587201924
"2022-05-22 00:00:00",430276,-49724,89.64083333333333
"2022-05-23 00:00:00",430939,-49772,89.64616994410363
"2022-05-24 00:00:00",431528,-49819,89.65008611251342
"2022-05-25 00:00:00",432133,-49850,89.65731156493071
"2022-05-26 00:00:00",432661,-49878,89.66342616866201
"2022-05-27 00:00:00",433227,-49916,89.66848324409129
"2022-05-28 00:00:00",433858,-49930,89.67936368822707
"2022-05-29 00:00:00",434535,-49978,89.68490009555987
"2022-05-30 00:00:00",435163,-50021,89.69030306028229
"2022-05-31 00:00:00",435759,-50051,89.69741256869969
"2022-06-01 00:00:00",436295,-50061,89.7069225012131
"2022-06-02 00:00:00",436779,-50096,89.71070603337611
"2022-06-03 00:00:00",437208,-50118,89.71571391635167
"2022-06-04 00:00:00",437696,-50145,89.72103615727255
"2022-06-05 00:00:00",438265,-50172,89.72805090523444
"2022-06-06 00:00:00",438898,-50200,89.73620828545609
"2022-06-07 00:00:00",439876,-50271,89.74368913815651
"2022-06-08 00:00:00",440368,-50281,89.75214460846756
"2022-06-09 00:00:00",440765,-50298,89.75732238022412
"2022-06-10 00:00:00",441179,-50315,89.76284552812446
"2022-06-11 00:00:00",441653,-50329,89.77015419263307
"2022-06-12 00:00:00",442179,-50346,89.77798081315669
"2022-06-13 00:00:00",443074,-50375,89.79124489055607
"2022-06-14 00:00:00",444130,-50570,89.77764301596928
"2022-06-15 00:00:00",444713,-50568,89.7900383822517
"2022-06-16 00:00:00",445222,-50570,89.80015813082906
"2022-06-17 00:00:00",445703,-50589,89.80660578852773
"2022-06-18 00:00:00",446182,-50606,89.81336103126485
"2022-06-19 00:00:00",446663,-50643,89.81653147156882
"2022-06-20 00:00:00",447145,-50644,89.82621150728521
"2022-06-21 00:00:00",447565,-50650,89.83370633160382
"2022-06-22 00:00:00",447992,-50670,89.83880865195263
"2022-06-23 00:00:00",448362,-50681,89.84436210907677
"2022-06-24 00:00:00",448767,-50711,89.8472004772983
"2022-06-25 00:00:00",449244,-50722,89.8549101338891
"2022-06-26 00:00:00",449721,-50745,89.86045006054357
"2022-06-27 00:00:00",450189,-50770,89.86543808974388
"2022-06-28 00:00:00",450615,-50780,89.87225640463107
"2022-06-29 00:00:00",451000,-50790,89.87823591542279
"2022-06-30 00:00:00",451413,-50793,89.8860228671103
"2022-07-01 00:00:00",451781,-50794,89.89324976371685
"2022-07-02 00:00:00",452174,-50808,89.89864448429566
"2022-07-03 00:00:00",452548,-50832,89.90186340339307
"2022-07-04 00:00:00",452917,-50841,89.9076540719949
"2022-07-05 00:00:00",453303,-50853,89.91324113964725
"2022-07-06 00:00:00",453303,-50853,89.91324113964725
"2022-07-07 00:00:00",454087,-50878,89.92445020942046
"2022-07-08 00:00:00",454437,-50899,89.92769167445027
"2022-07-09 00:00:00",454782,-50923,89.93029533028148
"2022-07-10 00:00:00",455160,-50935,89.935684011895
"2022-07-11 00:00:00",455160,-50935,89.935684011895
"2022-07-12 00:00:00",455882,-50981,89.94185805631896
"2022-07-13 00:00:00",456268,-50994,89.94720676888866
"2022-07-14 00:00:00",456628,-51019,89.94990613556271
"2022-07-15 00:00:00",456962,-51032,89.95421205762273
"2022-07-16 00:00:00",457282,-51054,89.95664285039815
"2022-07-17 00:00:00",457655,-51067,89.96170796623696
"2022-07-18 00:00:00",458019,-51072,89.96800179142825
"2022-07-19 00:00:00",458710,-51118,89.97348125250085
"2022-07-20 00:00:00",459048,-51122,89.97941862516416
"2022-07-21 00:00:00",459361,-51131,89.98397624252682
"2022-07-22 00:00:00",459689,-51144,89.98811744738495
"2022-07-23 00:00:00",460049,-51179,89.98900686190898
"2022-07-24 00:00:00",460472,-51208,89.99218261413382
"2022-07-25 00:00:00",460812,-51238,89.99355531686358
"2022-07-26 00:00:00",461159,-51257,89.99699462936364
"2022-07-27 00:00:00",461513,-51269,90.00179413473953
"2022-07-28 00:00:00",461859,-51276,90.00730801835775
"2022-07-29 00:00:00",462211,-51286,90.01240513576515
"2022-07-30 00:00:00",462584,-51323,90.01317358977403
"2022-07-31 00:00:00",462948,-51352,90.01516624538208
"2022-08-01 00:00:00",463315,-51376,90.01808852301673
"2022-08-02 00:00:00",463648,-51396,90.02104674552078
"2022-08-03 00:00:00",463992,-51419,90.02368983199815
"2022-08-04 00:00:00",464290,-51432,90.02718518891962
"2022-08-05 00:00:00",464588,-51441,90.03137420571325
"2022-08-06 00:00:00",464955,-51474,90.03270536704949
"2022-08-07 00:00:00",465325,-51503,90.03478913681148
"2022-08-08 00:00:00",465671,-51524,90.03780005607169
"2022-08-09 00:00:00",466425,-51528,90.05160699909065
"2022-08-10 00:00:00",466975,-51545,90.05920697369436
"2022-08-11 00:00:00",467293,-51581,90.05905094493075
"2022-08-12 00:00:00",467628,-51585,90.06477110550006
"2022-08-13 00:00:00",467959,-51613,90.06624683393254
"2022-08-14 00:00:00",468324,-51625,90.07114159273313
"2022-08-15 00:00:00",468697,-51636,90.0763549496188
"2022-08-16 00:00:00",468974,-51658,90.07782848537931
"2022-08-17 00:00:00",469309,-51667,90.08265255981081
"2022-08-18 00:00:00",469572,-51682,90.0850640954314
"2022-08-19 00:00:00",469863,-51688,90.08955979376897
"2022-08-20 00:00:00",470218,-51707,90.09302102792547
"2022-08-21 00:00:00",470583,-51731,90.0958044394751
"2022-08-22 00:00:00",470882,-51743,90.09940205692418
"2022-08-23 00:00:00",471195,-51756,90.10308805222668
"2022-08-24 00:00:00",471452,-51773,90.10502174016915
"2022-08-25 00:00:00",471747,-51781,90.10922051924635
"2022-08-26 00:00:00",472021,-51776,90.1152545738139
"2022-08-27 00:00:00",472021,-51776,90.1152545738139
"2022-08-28 00:00:00",472366,-51778,90.1214170151714
"2022-08-29 00:00:00",472723,-51803,90.12384514780965
"2022-08-30 00:00:00",473040,-51812,90.1282647298667
"2022-08-31 00:00:00",473345,-51806,90.13502783009078
"2022-09-01 00:00:00",473606,-51813,90.13872737757865
"2022-09-02 00:00:00",473875,-51812,90.14394497105692
"2022-09-03 00:00:00",474164,-51816,90.14867485455721
"2022-09-04 00:00:00",474474,-51822,90.15344976971133
"2022-09-05 00:00:00",474815,-51841,90.15657279134768
"2022-09-06 00:00:00",475093,-51843,90.16142377821976
"2022-09-07 00:00:00",475357,-51860,90.16344313631768
"2022-09-08 00:00:00",475624,-51857,90.16893499481498
"2022-09-09 00:00:00",475855,-51871,90.17084623459901
"2022-09-10 00:00:00",476112,-51873,90.17528907071224
"2022-09-11 00:00:00",476467,-51899,90.17745275055549
"2022-09-12 00:00:00",476778,-51921,90.17947830429034
"2022-09-13 00:00:00",477098,-51933,90.18337299704554
"2022-09-14 00:00:00",477344,-51939,90.18691323923119
"2022-09-15 00:00:00",477574,-51950,90.1893020901791
"2022-09-16 00:00:00",477826,-51953,90.1934580268376
"2022-09-17 00:00:00",478119,-51962,90.19734719788109
"2022-09-18 00:00:00",478465,-51974,90.20170085532926
"2022-09-19 00:00:00",478746,-51978,90.20620887693039
"2022-09-20 00:00:00",479020,-51981,90.21075289877044
"2022-09-21 00:00:00",479268,-51988,90.21413405213306
"2022-09-22 00:00:00",479525,-51985,90.21937498824106
"2022-09-23 00:00:00",479761,-52005,90.22032247266655
"2022-09-24 00:00:00",480012,-52011,90.22391889072465
"2022-09-25 00:00:00",480314,-52019,90.2281090971253
"2022-09-26 00:00:00",480534,-52015,90.23282364627481
"2022-09-27 00:00:00",480753,-52013,90.23717729735006
"2022-09-28 00:00:00",480994,-52010,90.24209949643905
"2022-09-29 00:00:00",481198,-52000,90.2475253095473
"2022-09-30 00:00:00",481198,-52000,90.2475253095473
"2022-10-01 00:00:00",481465,-52002,90.2520680754386
"2022-10-02 00:00:00",481748,-52007,90.25639104083334
"2022-10-03 00:00:00",482070,-52007,90.26226555346888
"2022-10-04 00:00:00",482298,-52016,90.2649004143631
"2022-10-05 00:00:00",482529,-52023,90.26792529071072
"2022-10-06 00:00:00",482754,-52028,90.27117591841161
"2022-10-07 00:00:00",482963,-52029,90.27480784759399
"2022-10-08 00:00:00",483182,-52026,90.27929328410636
"2022-10-09 00:00:00",483451,-52026,90.28417653792786
"2022-10-10 00:00:00",483696,-52025,90.28878838051897
"2022-10-11 00:00:00",483919,-52035,90.29114438925728
"2022-10-12 00:00:00",484118,-52035,90.29474795440854
"2022-10-13 00:00:00",484504,-52033,90.30206677265501
"2022-10-14 00:00:00",484960,-52030,90.3108065327101
"2022-10-15 00:00:00",485286,-52042,90.31466813566388
"2022-10-16 00:00:00",485636,-52047,90.32013286639153
"2022-10-17 00:00:00",485859,-52043,90.32481753181807
"2022-10-18 00:00:00",485859,-52043,90.32481753181807
"2022-10-19 00:00:00",486092,-52046,90.32850309771842
"2022-10-20 00:00:00",486307,-52045,90.33253336107231
"2022-10-21 00:00:00",486513,-52050,90.3353925167529
"2022-10-22 00:00:00",486713,-52060,90.3373034654669
"2022-10-23 00:00:00",487001,-52066,90.34146033795429
"2022-10-24 00:00:00",487248,-52068,90.34554880626573
"2022-10-25 00:00:00",487479,-52067,90.34984968844176
"2022-10-26 00:00:00",487712,-52068,90.35384786394457
"2022-10-27 00:00:00",487906,-52076,90.35597482879058
"2022-10-28 00:00:00",488141,-52070,90.36117368953983
"2022-10-29 00:00:00",488141,-52070,90.36117368953983
"2022-10-30 00:00:00",488379,-52067,90.3659199994079
"2022-10-31 00:00:00",488624,-52066,90.37045256986444
"2022-11-01 00:00:00",488827,-52060,90.3750690994607
"2022-11-02 00:00:00",489052,-52061,90.37890422148423
"2022-11-03 00:00:00",489248,-52060,90.38255484862592
"2022-11-04 00:00:00",489428,-52062,90.38541801325971
"2022-11-05 00:00:00",489650,-52065,90.38885760962869
"2022-11-06 00:00:00",489933,-52066,90.39370921348564
"2022-11-07 00:00:00",490193,-52070,90.39764837357518
"2022-11-08 00:00:00",490395,-52080,90.39955758329877
"2022-11-09 00:00:00",490395,-52080,90.39955758329877
"2022-11-10 00:00:00",490621,-52081,90.40338896853153
"2022-11-11 00:00:00",490844,-52087,90.40633155962729
"2022-11-12 00:00:00",491113,-52084,90.41158180181408
"2022-11-13 00:00:00",491417,-52082,90.41727767668387
"2022-11-14 00:00:00",491699,-52089,90.4210832162534
"2022-11-15 00:00:00",491934,-52085,90.42588586060414
"2022-11-16 00:00:00",492261,-52078,90.43280014843691
"2022-11-17 00:00:00",492557,-52058,90.44132093313625
"2022-11-18 00:00:00",492818,-52063,90.44506965741144
"2022-11-19 00:00:00",493108,-52071,90.44882506479523
"2022-11-20 00:00:00",493452,-52079,90.4535214314127
"2022-11-21 00:00:00",493704,-52086,90.4567690870115
"2022-11-22 00:00:00",494019,-52080,90.46326764927238
"2022-11-23 00:00:00",510533,-52033,90.75077413139081
"2022-11-24 00:00:00",517590,-52049,90.86280960397725
"2022-11-25 00:00:00",522800,-52049,90.94562224166694
"2022-11-26 00:00:00",527124,-52054,91.01243486458395
"2022-11-27 00:00:00",527124,-52054,91.01243486458395
"2022-11-28 00:00:00",530863,-52083,91.06555324163817
"2022-11-29 00:00:00",533754,-52079,91.11026521209969
"2022-11-30 00:00:00",535769,-52080,91.14058202021266
"2022-12-01 00:00:00",536080,-52096,91.14278719294904
"2022-12-02 00:00:00",536380,-52090,91.14823185548966
"2022-12-03 00:00:00",536669,-52089,91.15273168262682
"2022-12-04 00:00:00",537036,-52083,91.15917157654056
"2022-12-05 00:00:00",537421,-52080,91.16540938861851
"2022-12-06 00:00:00",537707,-52074,91.17062095930524
"2022-12-07 00:00:00",538258,-52068,91.179788794666
"2022-12-08 00:00:00",539002,-52057,91.19258821877342
"2022-12-09 00:00:00",540395,-52008,91.22084121788716
"2022-12-10 00:00:00",541405,-51979,91.24024240626643
"2022-12-11 00:00:00",542147,-51969,91.25271832436763
"2022-12-12 00:00:00",542734,-51966,91.26181267866151
"2022-12-13 00:00:00",543291,-51977,91.26830268047334
"2022-12-14 00:00:00",543291,-51977,91.26830268047334
"2022-12-15 00:00:00",543781,-51982,91.27471830241221
"2022-12-16 00:00:00",544355,-51977,91.28388213277168
"2022-12-17 00:00:00",544786,-51983,91.28925932814876
"2022-12-18 00:00:00",545204,-51999,91.29291045088522
"2022-12-19 00:00:00",545648,-52000,91.29922630043103
"2022-12-20 00:00:00",546074,-52002,91.3051184130445
"2022-12-21 00:00:00",546467,-52001,91.31098070406438
"2022-12-22 00:00:00",546984,-52009,91.31726080271389
"2022-12-23 00:00:00",546984,-52009,91.31726080271389
"2022-12-24 00:00:00",547898,-52029,91.3274448391221
"2022-12-25 00:00:00",548858,-52092,91.33172476911557
"2022-12-26 00:00:00",549851,-52167,91.33464447906873
"2022-12-27 00:00:00",550959,-52238,91.33981104017427
"2022-12-28 00:00:00",552086,-52323,91.34311368626211
"2022-12-29 00:00:00",553235,-52388,91.34973407548921
"2022-12-30 00:00:00",554418,-52469,91.354403702831
"2022-12-31 00:00:00",554418,-52469,91.354403702831
"2023-01-01 00:00:00",554418,-52469,91.354403702831
"2023-01-02 00:00:00",556779,-52604,91.36766204505213
"2023-01-03 00:00:00",557975,-52675,91.37394579546385
"2023-01-04 00:00:00",559229,-52726,91.38400699397832
"2023-01-05 00:00:00",560491,-52809,91.38936898744497
"2023-01-06 00:00:00",561571,-52873,91.39498473416617
"2023-01-07 00:00:00",562695,-52954,91.39867034625249
"2023-01-08 00:00:00",562695,-52954,91.39867034625249
"2023-01-09 00:00:00",563917,-52997,91.40933744411701
"2023-01-10 00:00:00",564761,-53024,91.4170787571728
"2023-01-11 00:00:00",565592,-53070,91.42181029382765
"2023-01-12 00:00:00",566369,-53082,91.43079920768552
"2023-01-13 00:00:00",567154,-53100,91.43899112299155
"2023-01-14 00:00:00",567886,-53145,91.44245617368537
"2023-01-15 00:00:00",568816,-53164,91.45245827840124
"2023-01-16 00:00:00",569632,-53182,91.4610140427158
"2023-01-17 00:00:00",570384,-53206,91.46779133725686
"2023-01-18 00:00:00",570384,-53206,91.46779133725686
"2023-01-19 00:00:00",570384,-53206,91.46779133725686
"2023-01-20 00:00:00",571645,-53261,91.47695813450343
"2023-01-21 00:00:00",572197,-53290,91.48023859808437
"2023-01-22 00:00:00",572912,-53311,91.48689843713821
"2023-01-23 00:00:00",573636,-53356,91.49016255390818
"2023-01-24 00:00:00",574307,-53377,91.49619872419879
"2023-01-25 00:00:00",575045,-53398,91.50312757083778
"2023-01-26 00:00:00",575045,-53398,91.50312757083778
"2023-01-27 00:00:00",576134,-53441,91.5115752690307
"2023-01-28 00:00:00",576923,-53469,91.51813474790289
"2023-01-29 00:00:00",576923,-53469,91.51813474790289
"2023-01-30 00:00:00",577751,-53485,91.52694079551863
"2023-01-31 00:00:00",578397,-53490,91.53487886283466
"2023-02-01 00:00:00",578968,-53499,91.54121875133406
"2023-02-02 00:00:00",579531,-53508,91.54744020510584
"2023-02-03 00:00:00",580120,-53534,91.55154074621166
"2023-02-04 00:00:00",580776,-53555,91.55724692628927
"2023-02-05 00:00:00",581560,-53583,91.56363212693834
"2023-02-06 00:00:00",582104,-53602,91.56811482037294
"2023-02-07 00:00:00",582104,-53602,91.56811482037294
"2023-02-08 00:00:00",582646,-53625,91.57198740788122
"2023-02-09 00:00:00",583167,-53633,91.5777324120603
"2023-02-10 00:00:00",583627,-53641,91.58266223943458
"2023-02-11 00:00:00",584263,-53646,91.59033655270579
"2023-02-12 00:00:00",585087,-53660,91.59917776521847
"2023-02-13 00:00:00",585690,-53671,91.60552489125861
"2023-02-14 00:00:00",585690,-53671,91.60552489125861
"2023-02-15 00:00:00",586167,-53675,91.61121026753479
"2023-02-16 00:00:00",586680,-53691,91.61564155778447
"2023-02-17 00:00:00",587181,-53698,91.62119526462874
"2023-02-18 00:00:00",587696,-53725,91.62406594109017
"2023-02-19 00:00:00",588425,-53749,91.63015008393364
"2023-02-20 00:00:00",588425,-53749,91.63015008393364
"2023-02-21 00:00:00",589128,-53763,91.63730710182597
"2023-02-22 00:00:00",589612,-53771,91.64245869101298
"2023-02-23 00:00:00",590223,-53783,91.64868029179853
"2023-02-24 00:00:00",590738,-53789,91.65450012179474
"2023-02-25 00:00:00",590738,-53789,91.65450012179474
"2023-02-26 00:00:00",591404,-53820,91.65871077331283
"2023-02-27 00:00:00",591985,-53850,91.66195700140129
"2023-02-28 00:00:00",592382,-53865,91.66495163613912
"2023-03-01 00:00:00",593062,-53835,91.677964189044
"2023-03-02 00:00:00",593600,-53829,91.6857292459868
"2023-03-03 00:00:00",594145,-53827,91.69300525331342
"2023-03-04 00:00:00",594778,-53843,91.69885033016199
"2023-03-05 00:00:00",595426,-53836,91.70812399308753
"2023-03-06 00:00:00",595426,-53836,91.70812399308753
"2023-03-07 00:00:00",595937,-53840,91.71408036911124
"2023-03-08 00:00:00",596449,-53831,91.72187365442579
"2023-03-09 00:00:00",596900,-53824,91.72859768504004
"2023-03-10 00:00:00",597292,-53835,91.73202769966535
"2023-03-11 00:00:00",597800,-53827,91.739599494803
"2023-03-12 00:00:00",598418,-53844,91.74503497060998
"2023-03-13 00:00:00",598916,-53860,91.74908391239875
"2023-03-14 00:00:00",599339,-53866,91.75358424996747
"2023-03-15 00:00:00",599339,-53866,91.75358424996747
"2023-03-16 00:00:00",599736,-53869,91.75817198460844
"2023-03-17 00:00:00",600164,-53875,91.76272362963064
"2023-03-18 00:00:00",600643,-53897,91.76566749167354
"2023-03-19 00:00:00",601224,-53902,91.77226976184734
"2023-03-20 00:00:00",601647,-53898,91.77813880054
"2023-03-21 00:00:00",601647,-53898,91.77813880054
"2023-03-22 00:00:00",602046,-53898,91.7831400241484
"2023-03-23 00:00:00",602455,-53905,91.7872813699799
"2023-03-24 00:00:00",603375,-53935,91.79458702895134
"2023-03-25 00:00:00",603944,-53976,91.79596303501945
"2023-03-26 00:00:00",604520,-53988,91.80146634513171
"2023-03-27 00:00:00",604520,-53988,91.80146634513171
"2023-03-28 00:00:00",604923,-54007,91.80383348762388
"2023-03-29 00:00:00",605252,-54016,91.80667042841455
"2023-03-30 00:00:00",605591,-54020,91.81032457008752
"2023-03-31 00:00:00",605937,-54037,91.81225320997494
"2023-04-01 00:00:00",606360,-54053,91.81527316997091
"2023-04-02 00:00:00",606360,-54053,91.81527316997091
"2023-04-03 00:00:00",606793,-54070,91.81827398416918
"2023-04-04 00:00:00",607164,-54070,91.8228645229979
"2023-04-05 00:00:00",607504,-54077,91.82609536851875
"2023-04-06 00:00:00",607865,-54080,91.83013694491234
"2023-04-07 00:00:00",608237,-54091,91.83320046864998
"2023-04-08 00:00:00",608237,-54091,91.83320046864998
"2023-04-09 00:00:00",608649,-54096,91.83758459135866
"2023-04-10 00:00:00",609027,-54118,91.83919052394273
"2023-04-11 00:00:00",609340,-54128,91.84165626676796
"2023-04-12 00:00:00",609677,-54141,91.8439994094767
"2023-04-13 00:00:00",609978,-54147,91.84686617730095
"2023-04-14 00:00:00",610263,-54157,91.84898106619308
"2023-04-15 00:00:00",610263,-54157,91.84898106619308
"2023-04-16 00:00:00",610631,-54167,91.85211146844605
"2023-04-17 00:00:00",610947,-54174,91.8550158542581
"2023-04-18 00:00:00",611203,-54177,91.8577354293787
"2023-04-19 00:00:00",611537,-54166,91.86333845573776
"2023-04-20 00:00:00",611813,-54177,91.86519317106864
"2023-04-21 00:00:00",612107,-54188,91.86726600079544
"2023-04-22 00:00:00",612107,-54188,91.86726600079544
"2023-04-23 00:00:00",612418,-54197,91.86981991104311
"2023-04-24 00:00:00",612738,-54198,91.87358307243873
"2023-04-25 00:00:00",612965,-54207,91.87510866762993
"2023-04-26 00:00:00",613202,-54218,91.87647957807677
"2023-04-27 00:00:00",613435,-54228,91.87793842102977
"2023-04-28 00:00:00",613698,-54238,91.87976093517942
"2023-04-29 00:00:00",613698,-54238,91.87976093517942
"2023-04-30 00:00:00",614050,-54249,91.8825256359803
"2023-05-01 00:00:00",614372,-54251,91.88616006329427
"2023-05-02 00:00:00",614621,-54267,91.88698257406323
"2023-05-03 00:00:00",614907,-54266,91.8905873369069
"2023-05-04 00:00:00",615160,-54268,91.89337762985713
"2023-05-05 00:00:00",615160,-54268,91.89337762985713
"2023-05-06 00:00:00",615425,-54276,91.89548768778903
"2023-05-07 00:00:00",615724,-54275,91.89924164065917
"2023-05-08 00:00:00",616005,-54282,91.90167793795791
"2023-05-09 00:00:00",616254,-54285,91.90427402432968
"2023-05-10 00:00:00",616490,-54288,91.90671131134295
"2023-05-11 00:00:00",616490,-54288,91.90671131134295
"2023-05-12 00:00:00",616700,-54300,91.90760059612518
"2023-05-13 00:00:00",616917,-54297,91.91062760907847
"2023-05-14 00:00:00",617192,-54312,91.91188734542162
"2023-05-15 00:00:00",617446,-54309,91.91535604498664
"2023-05-16 00:00:00",617651,-54316,91.91686496509502
"2023-05-17 00:00:00",617651,-54316,91.91686496509502
"2023-05-18 00:00:00",617838,-54338,91.91610530575326
"2023-05-19 00:00:00",618047,-54338,91.91861805364486
"2023-05-20 00:00:00",618264,-54348,91.9198587001124
"2023-05-21 00:00:00",618557,-54359,91.92187434984456
"2023-05-22 00:00:00",618786,-54366,91.92366657159155
"2023-05-23 00:00:00",618786,-54366,91.92366657159155
"2023-05-24 00:00:00",618988,-54375,91.9248607363339
"2023-05-25 00:00:00",619185,-54381,91.92640364864022
"2023-05-26 00:00:00",619392,-54394,91.92711038816479
"2023-05-27 00:00:00",619610,-54410,91.92753924215899
"2023-05-28 00:00:00",619886,-54409,91.93097976404985
"2023-05-29 00:00:00",619886,-54409,91.93097976404985
"2023-05-30 00:00:00",619886,-54409,91.93097976404985
"2023-05-31 00:00:00",620404,-54419,91.9358113164489
"2023-06-01 00:00:00",620620,-54433,91.93648498710472
"2023-06-02 00:00:00",620835,-54440,91.93809929288068
"2023-06-03 00:00:00",621087,-54451,91.93960961485513
"2023-06-04 00:00:00",621087,-54451,91.93960961485513
"2023-06-05 00:00:00",621334,-54463,91.94092308785035
"2023-06-06 00:00:00",621543,-54466,91.94300667594662
"2023-06-07 00:00:00",621753,-54466,91.94550877748185
"2023-06-08 00:00:00",621988,-54482,91.94613212707141
"2023-06-09 00:00:00",622212,-54488,91.94798285798728
"2023-06-10 00:00:00",622212,-54488,91.94798285798728
"2023-06-11 00:00:00",622446,-54507,91.94818547225583
"2023-06-12 00:00:00",622716,-54518,91.9499021017846
"2023-06-13 00:00:00",622924,-54525,91.95142364960314
"2023-06-14 00:00:00",623148,-54531,91.95326991097555
"2023-06-15 00:00:00",623394,-54518,91.95795324466893
"2023-06-16 00:00:00",623394,-54518,91.95795324466893
"2023-06-17 00:00:00",623623,-54513,91.9613469864452
"2023-06-18 00:00:00",623863,-54517,91.96364869247324
"2023-06-19 00:00:00",624079,-54526,91.96498699538023
"2023-06-20 00:00:00",624322,-54538,91.96623751583537
"2023-06-21 00:00:00",624557,-54549,91.96752789697042
"2023-06-22 00:00:00",624557,-54549,91.96752789697042
"2023-06-23 00:00:00",624792,-54555,91.96949423490499
"2023-06-24 00:00:00",625026,-54551,91.97280072751138
"2023-06-25 00:00:00",625301,-54557,91.97523600516578
"2023-06-26 00:00:00",625562,-54563,91.97750413526926
"2023-06-27 00:00:00",625562,-54563,91.97750413526926
"2023-06-28 00:00:00",625785,-54556,91.9810800760207
"2023-06-29 00:00:00",626008,-54564,91.98262637898709
"2023-06-30 00:00:00",626512,-54595,91.98437249947511
"2023-07-01 00:00:00",626512,-54595,91.98437249947511
"2023-07-02 00:00:00",627200,-54648,91.98531050908707
"2023-07-03 00:00:00",627863,-54699,91.98622249700394
"2023-07-04 00:00:00",628520,-54747,91.98746610036778
"2023-07-05 00:00:00",628520,-54747,91.98746610036778
"2023-07-06 00:00:00",629144,-54781,91.99020360419637
"2023-07-07 00:00:00",629706,-54816,91.99207622253192
"2023-07-08 00:00:00",630347,-54862,91.99339179724726
"2023-07-09 00:00:00",630347,-54862,91.99339179724726
"2023-07-10 00:00:00",631027,-54897,91.99663519573598
"2023-07-11 00:00:00",631656,-54939,91.99833963253447
"2023-07-12 00:00:00",632312,-54965,92.00249680987433
"2023-07-13 00:00:00",632312,-54965,92.00249680987433
"2023-07-14 00:00:00",632917,-55007,92.0039132229723
"2023-07-15 00:00:00",633456,-55032,92.00683236309129
"2023-07-16 00:00:00",634110,-55059,92.01081302264032
"2023-07-17 00:00:00",634110,-55059,92.01081302264032
"2023-07-18 00:00:00",634656,-55082,92.01406911029986
"2023-07-19 00:00:00",635139,-55103,92.01685785565063
"2023-07-20 00:00:00",635593,-55124,92.01930747324882
"2023-07-21 00:00:00",635593,-55124,92.01930747324882
"2023-07-22 00:00:00",635986,-55141,92.0215821404749
"2023-07-23 00:00:00",636402,-55174,92.0219903524703
"2023-07-24 00:00:00",636852,-55198,92.02398670616286
"2023-07-25 00:00:00",636852,-55198,92.02398670616286
"2023-07-26 00:00:00",637266,-55228,92.02476844564718
"2023-07-27 00:00:00",637655,-55251,92.02619114281013
"2023-07-28 00:00:00",638189,-55278,92.02874830381258
"2023-07-29 00:00:00",638636,-55313,92.02924134194299
"2023-07-30 00:00:00",638636,-55313,92.02924134194299
"2023-07-31 00:00:00",639077,-55331,92.03191783504798
"2023-08-01 00:00:00",639474,-55345,92.03461620940129
"2023-08-02 00:00:00",639895,-55364,92.03692436919191
"2023-08-03 00:00:00",639895,-55364,92.03692436919191
"2023-08-04 00:00:00",640255,-55377,92.03932539043632
"2023-08-05 00:00:00",640546,-55383,92.04186059210063
"2023-08-06 00:00:00",640981,-55413,92.04286653819534
"2023-08-07 00:00:00",641400,-55426,92.04593399213003
"2023-08-08 00:00:00",641400,-55426,92.04593399213003
"2023-08-09 00:00:00",641783,-55434,92.04924722145329
"2023-08-10 00:00:00",642130,-55436,92.05293835995447
"2023-08-11 00:00:00",642517,-55446,92.05602589249
"2023-08-12 00:00:00",642517,-55446,92.05602589249
"2023-08-13 00:00:00",642908,-55452,92.05968268514806
"2023-08-14 00:00:00",643326,-55468,92.06232451910004
"2023-08-15 00:00:00",643737,-55491,92.06396196948636
"2023-08-16 00:00:00",643737,-55491,92.06396196948636
"2023-08-17 00:00:00",644088,-55494,92.06754890777636
"2023-08-18 00:00:00",644474,-55509,92.06995027022084
"2023-08-19 00:00:00",644826,-55510,92.07380457380458
"2023-08-20 00:00:00",644826,-55510,92.07380457380458
"2023-08-21 00:00:00",645218,-55530,92.07561063320908
"2023-08-22 00:00:00",645589,-55529,92.07993518922635
"2023-08-23 00:00:00",645911,-55540,92.08212690551443
"2023-08-24 00:00:00",645911,-55540,92.08212690551443
"2023-08-25 00:00:00",646202,-55560,92.08278590177297
"2023-08-26 00:00:00",646516,-55578,92.08396596467139
"2023-08-27 00:00:00",646958,-55587,92.08776661993183
"2023-08-28 00:00:00",646958,-55587,92.08776661993183
"2023-08-29 00:00:00",647325,-55600,92.09019454422591
"2023-08-30 00:00:00",647654,-55602,92.09363304401242
"2023-08-31 00:00:00",647978,-55602,92.09727394184031
"2023-09-01 00:00:00",647978,-55602,92.09727394184031
"2023-09-02 00:00:00",648257,-55612,92.09909798556265
"2023-09-03 00:00:00",648546,-55628,92.10024795008052
"2023-09-04 00:00:00",648546,-55628,92.10024795008052
"2023-09-05 00:00:00",648546,-55628,92.10024795008052
"2023-09-06 00:00:00",648546,-55628,92.10024795008052
"2023-09-07 00:00:00",649444,-55636,92.10926419697056
"2023-09-08 00:00:00",649743,-55634,92.11287013894697
"2023-09-09 00:00:00",650067,-55637,92.11609966784941
"2023-09-10 00:00:00",650067,-55637,92.11609966784941
"2023-09-11 00:00:00",650429,-55642,92.11948939979125
"2023-09-12 00:00:00",650702,-55641,92.12266561712936
"2023-09-13 00:00:00",651020,-55642,92.12608007788731
"2023-09-14 00:00:00",651020,-55642,92.12608007788731
"2023-09-15 00:00:00",651241,-55654,92.12697783970746
"2023-09-16 00:00:00",651519,-55664,92.12877006376002
"2023-09-17 00:00:00",651884,-55681,92.1306169751189
"2023-09-18 00:00:00",651884,-55681,92.1306169751189
"2023-09-19 00:00:00",652145,-55688,92.13260755008596
"2023-09-20 00:00:00",652385,-55690,92.13501394626276
"2023-09-21 00:00:00",652618,-55696,92.13682067557608
"2023-09-22 00:00:00",652618,-55696,92.13682067557608
"2023-09-23 00:00:00",652848,-55696,92.13937313702466
"2023-09-24 00:00:00",653185,-55713,92.140900383412
"2023-09-25 00:00:00",653491,-55722,92.14312202398997
"2023-09-26 00:00:00",653491,-55722,92.14312202398997
"2023-09-27 00:00:00",653716,-55737,92.1436656128031
"2023-09-28 00:00:00",653944,-55728,92.14735821619001
"2023-09-29 00:00:00",654162,-55726,92.15002930039668
"2023-09-30 00:00:00",654162,-55726,92.15002930039668
"2023-10-01 00:00:00",654435,-55728,92.15278745865386
"2023-10-02 00:00:00",654727,-55732,92.15549384271296
"2023-10-03 00:00:00",655002,-55738,92.15775107634296
"2023-10-04 00:00:00",655002,-55738,92.15775107634296
"2023-10-05 00:00:00",655288,-55739,92.16077589177345
"2023-10-06 00:00:00",655671,-55763,92.16188711813042
"2023-10-07 00:00:00",656295,-55812,92.16241379455616
"2023-10-08 00:00:00",656295,-55812,92.16241379455616
"2023-10-09 00:00:00",656959,-55872,92.16195704171115
"2023-10-10 00:00:00",657569,-55901,92.16491232988072
"2023-10-11 00:00:00",657569,-55901,92.16491232988072
"2023-10-12 00:00:00",657569,-55901,92.16491232988072
"2023-10-13 00:00:00",658639,-55950,92.1703244802257
"2023-10-14 00:00:00",659334,-55983,92.17367964133383
"2023-10-15 00:00:00",659334,-55983,92.17367964133383
"2023-10-16 00:00:00",660159,-56024,92.17741834140158
"2023-10-17 00:00:00",660723,-56056,92.1794583825698
"2023-10-18 00:00:00",661301,-56071,92.18383209826979
"2023-10-19 00:00:00",661301,-56071,92.18383209826979
"2023-10-20 00:00:00",661882,-56106,92.18566327013822
"2023-10-21 00:00:00",662458,-56138,92.18782180808131
"2023-10-22 00:00:00",663151,-56144,92.19457941456565
"2023-10-23 00:00:00",663151,-56144,92.19457941456565
"2023-10-24 00:00:00",663632,-56158,92.19800219508468
"2023-10-25 00:00:00",664074,-56173,92.20086997932654
"2023-10-26 00:00:00",664484,-56186,92.20364383143463
"2023-10-27 00:00:00",664910,-56196,92.20697095849985
"2023-10-28 00:00:00",664910,-56196,92.20697095849985
"2023-10-29 00:00:00",665367,-56216,92.20935083005004
"2023-10-30 00:00:00",665832,-56245,92.21066451361835
"2023-10-31 00:00:00",666222,-56266,92.21218899137426
"2023-11-01 00:00:00",666222,-56266,92.21218899137426
"2023-11-02 00:00:00",666584,-56277,92.21468581096504
"2023-11-03 00:00:00",666972,-56274,92.21924490422346
"2023-11-04 00:00:00",666972,-56274,92.21924490422346
"2023-11-05 00:00:00",667474,-56294,92.22209326745588
"2023-11-06 00:00:00",667890,-56306,92.22503300211545
"2023-11-07 00:00:00",668258,-56320,92.22719983217817
"2023-11-08 00:00:00",668258,-56320,92.22719983217817
"2023-11-09 00:00:00",668548,-56321,92.2301822812122
"2023-11-10 00:00:00",668880,-56319,92.23399370379717
"2023-11-11 00:00:00",668880,-56319,92.23399370379717
"2023-11-12 00:00:00",669292,-56330,92.23700494196703
"2023-11-13 00:00:00",669633,-56333,92.24027020549171
"2023-11-14 00:00:00",669633,-56333,92.24027020549171
"2023-11-15 00:00:00",669986,-56333,92.24404152996135
"2023-11-16 00:00:00",670254,-56334,92.24677533898165
"2023-11-17 00:00:00",670620,-56341,92.24979056648156
"2023-11-18 00:00:00",670620,-56341,92.24979056648156
"2023-11-19 00:00:00",671013,-56356,92.25207563148828
"2023-11-20 00:00:00",671013,-56356,92.25207563148828
"2023-11-21 00:00:00",671438,-56356,92.2566000818913
"2023-11-22 00:00:00",673278,-56362,92.275368674963
"2023-11-23 00:00:00",673278,-56362,92.275368674963
"2023-11-24 00:00:00",674574,-56364,92.28881245741772
"2023-11-25 00:00:00",675679,-56377,92.29881320554712
"2023-11-26 00:00:00",675679,-56377,92.29881320554712
"2023-11-27 00:00:00",676729,-56378,92.30971740823645
"2023-11-28 00:00:00",677450,-56387,92.31614105039675
"2023-11-29 00:00:00",677450,-56387,92.31614105039675
"2023-11-30 00:00:00",677772,-56392,92.3188824295389
"2023-12-01 00:00:00",678088,-56400,92.32118155776541
"2023-12-02 00:00:00",678088,-56400,92.32118155776541
"2023-12-03 00:00:00",678465,-56410,92.32386460282362
"2023-12-04 00:00:00",678819,-56414,92.32705822507967
"2023-12-05 00:00:00",679162,-56429,92.32875334255041
"2023-12-06 00:00:00",679162,-56429,92.32875334255041
"2023-12-07 00:00:00",679471,-56434,92.33134711681535
"2023-12-08 00:00:00",679471,-56434,92.33134711681535
"2023-12-09 00:00:00",679847,-56439,92.33463626905849
"2023-12-10 00:00:00",680257,-56476,92.33426492365619
"2023-12-11 00:00:00",680257,-56476,92.33426492365619
"2023-12-12 00:00:00",680654,-56476,92.33839349911142
"2023-12-13 00:00:00",680999,-56474,92.3422281222499
"2023-12-14 00:00:00",680999,-56474,92.3422281222499
"2023-12-15 00:00:00",681340,-56471,92.34614284688084
"2023-12-16 00:00:00",681691,-56493,92.34703000877829
"2023-12-17 00:00:00",681691,-56493,92.34703000877829
"2023-12-18 00:00:00",682134,-56504,92.35024463945804
"2023-12-19 00:00:00",682498,-56505,92.35388760262137
"2023-12-20 00:00:00",682498,-56505,92.35388760262137
"2023-12-21 00:00:00",682860,-56526,92.35500807426703
"2023-12-22 00:00:00",683450,-56533,92.36022989717331
"2023-12-23 00:00:00",683450,-56533,92.36022989717331
"2023-12-24 00:00:00",684366,-56602,92.36107362261258
"2023-12-25 00:00:00",685391,-56669,92.36328598765598
"2023-12-26 00:00:00",685391,-56669,92.36328598765598
"2023-12-27 00:00:00",686445,-56749,92.36417409182528
"2023-12-28 00:00:00",687673,-56801,92.37031783514267
"2023-12-29 00:00:00",687673,-56801,92.37031783514267
"2023-12-30 00:00:00",688853,-56866,92.37433939593869
"2023-12-31 00:00:00",688853,-56866,92.37433939593869
"2024-01-01 00:00:00",690174,-56928,92.38015692636347
"2024-01-02 00:00:00",691342,-56996,92.38365551395226
"2024-01-03 00:00:00",691342,-56996,92.38365551395226
"2024-01-04 00:00:00",692686,-57047,92.39102453806889
"2024-01-05 00:00:00",692686,-57047,92.39102453806889
"2024-01-06 00:00:00",692686,-57047,92.39102453806889
"2024-01-07 00:00:00",694969,-57134,92.40343410410541
"2024-01-08 00:00:00",696028,-57173,92.40933031156358
"2024-01-09 00:00:00",696028,-57173,92.40933031156358
"2024-01-10 00:00:00",696854,-57202,92.4140912611265
"2024-01-11 00:00:00",697663,-57214,92.4207519900593
"2024-01-12 00:00:00",698624,-57245,92.42659773055914
"2024-01-13 00:00:00",698624,-57245,92.42659773055914
"2024-01-14 00:00:00",699532,-57284,92.43092112217501
"2024-01-15 00:00:00",699532,-57284,92.43092112217501
"2024-01-16 00:00:00",700572,-57316,92.43740499915555
"2024-01-17 00:00:00",701475,-57340,92.44348095385568
"2024-01-18 00:00:00",701475,-57340,92.44348095385568
"2024-01-19 00:00:00",702285,-57354,92.44983472412554
"2024-01-20 00:00:00",703161,-57394,92.4536687024607
"2024-01-21 00:00:00",703161,-57394,92.4536687024607
"2024-01-22 00:00:00",704061,-57423,92.45906676962352
"2024-01-23 00:00:00",704861,-57443,92.46455482327261
"2024-01-24 00:00:00",704861,-57443,92.46455482327261
"2024-01-25 00:00:00",705571,-57454,92.47023360964582
"2024-01-26 00:00:00",705571,-57454,92.47023360964582
"2024-01-27 00:00:00",706310,-57466,92.47606628121335
"2024-01-28 00:00:00",706310,-57466,92.47606628121335
"2024-01-29 00:00:00",707402,-57513,92.48112535379748
"2024-01-30 00:00:00",708034,-57534,92.48479560274203
"2024-01-31 00:00:00",708034,-57534,92.48479560274203
"2024-02-01 00:00:00",708719,-57550,92.48958264003893
"2024-02-02 00:00:00",709272,-57557,92.49415449859096
"2024-02-03 00:00:00",709272,-57557,92.49415449859096
"2024-02-04 00:00:00",710107,-57565,92.50135474525578
"2024-02-05 00:00:00",710846,-57595,92.50495483713128
"2024-02-06 00:00:00",710846,-57595,92.50495483713128
"2024-02-07 00:00:00",711466,-57611,92.50907256360547
"2024-02-08 00:00:00",712034,-57617,92.51387966753762
"2024-02-09 00:00:00",712034,-57617,92.51387966753762
"2024-02-10 00:00:00",712659,-57632,92.51815223078032
"2024-02-11 00:00:00",713390,-57659,92.52200573504408
"2024-02-12 00:00:00",713390,-57659,92.52200573504408
"2024-02-13 00:00:00",714193,-57658,92.52990538329288
"2024-02-14 00:00:00",714193,-57658,92.52990538329288
"2024-02-15 00:00:00",714917,-57674,92.53498940577873
"2024-02-16 00:00:00",714917,-57674,92.53498940577873
"2024-02-17 00:00:00",715474,-57687,92.53881145065517
"2024-02-18 00:00:00",716145,-57710,92.54253057743375
"2024-02-19 00:00:00",716145,-57710,92.54253057743375
"2024-02-20 00:00:00",716692,-57728,92.54564706490018
"2024-02-21 00:00:00",718017,-57675,92.56470351634411
"2024-02-22 00:00:00",718017,-57675,92.56470351634411
"2024-02-23 00:00:00",719362,-57672,92.57793095282831
"2024-02-24 00:00:00",719362,-57672,92.57793095282831
"2024-02-25 00:00:00",720599,-57683,92.58841910772702
"2024-02-26 00:00:00",721885,-57722,92.5960131194307
"2024-02-27 00:00:00",721885,-57722,92.5960131194307
"2024-02-28 00:00:00",722766,-57745,92.6016417449594
"2024-02-29 00:00:00",722766,-57745,92.6016417449594
"2024-03-01 00:00:00",723749,-57777,92.60715574401875
"2024-03-02 00:00:00",724959,-57801,92.61574428943737
"2024-03-03 00:00:00",724959,-57801,92.61574428943737
"2024-03-04 00:00:00",724959,-57801,92.61574428943737
"2024-03-05 00:00:00",726210,-57815,92.62587289946111
"2024-03-06 00:00:00",727219,-57822,92.63452482099662
"2024-03-07 00:00:00",727219,-57822,92.63452482099662
"2024-03-08 00:00:00",728057,-57845,92.6396675412456
"2024-03-09 00:00:00",728057,-57845,92.6396675412456
"2024-03-10 00:00:00",729321,-57872,92.64830861046782
"2024-03-11 00:00:00",729321,-57872,92.64830861046782
"2024-03-12 00:00:00",730179,-57860,92.65772379285796
"2024-03-13 00:00:00",730179,-57860,92.65772379285796
"2024-03-14 00:00:00",730875,-57873,92.66267553134841
"2024-03-15 00:00:00",731692,-57871,92.6705025438122
"2024-03-16 00:00:00",731692,-57871,92.6705025438122
"2024-03-17 00:00:00",732622,-57901,92.6756084263203
"2024-03-18 00:00:00",732622,-57901,92.6756084263203
"2024-03-19 00:00:00",733393,-57914,92.68122233216691
"2024-03-20 00:00:00",734168,-57924,92.68721310150842
"2024-03-21 00:00:00",734168,-57924,92.68721310150842
"2024-03-22 00:00:00",734868,-57937,92.69215002428088
"2024-03-23 00:00:00",735643,-57938,92.69916996500672
"2024-03-24 00:00:00",735643,-57938,92.69916996500672
"2024-03-25 00:00:00",736545,-57964,92.70442499707366
"2024-03-26 00:00:00",737260,-57995,92.70737059182275
"2024-03-27 00:00:00",737260,-57995,92.70737059182275
"2024-03-28 00:00:00",737897,-58007,92.71180946445803
"2024-03-29 00:00:00",738626,-58025,92.71638396236244
"2024-03-30 00:00:00",738626,-58025,92.71638396236244
"2024-03-31 00:00:00",739362,-58028,92.72275799796837
"2024-04-01 00:00:00",739362,-58028,92.72275799796837
"2024-04-02 00:00:00",740103,-58048,92.72719071955055
"2024-04-03 00:00:00",740651,-58055,92.73136798772013
"2024-04-04 00:00:00",740651,-58055,92.73136798772013
"2024-04-05 00:00:00",741483,-58077,92.73638000900495
"2024-04-06 00:00:00",741483,-58077,92.73638000900495
"2024-04-07 00:00:00",742315,-58096,92.74172893675873
"2024-04-08 00:00:00",742833,-58125,92.74306517944761
"2024-04-09 00:00:00",743102,-58131,92.74480706610936
"2024-04-10 00:00:00",743343,-58146,92.74525289804352
"2024-04-11 00:00:00",743637,-58150,92.74745038270763
"2024-04-12 00:00:00",744075,-58160,92.7502539779491
"2024-04-13 00:00:00",744318,-58165,92.75187137920679
"2024-04-14 00:00:00",744670,-58177,92.75366290214698
"2024-04-15 00:00:00",745014,-58189,92.75538064474361
"2024-04-16 00:00:00",745309,-58194,92.7574632577601
"2024-04-17 00:00:00",745629,-58194,92.76034649419088
"2024-04-18 00:00:00",745865,-58204,92.76131774760624
"2024-04-19 00:00:00",746142,-58201,92.7641565849395
"2024-04-20 00:00:00",746431,-58207,92.76606374543583
"2024-04-21 00:00:00",746804,-58218,92.76814795123612
"2024-04-22 00:00:00",747142,-58225,92.77037673507854
"2024-04-23 00:00:00",747392,-58231,92.77192930191913
"2024-04-24 00:00:00",747705,-58230,92.77485156991568
"2024-04-25 00:00:00",747939,-58241,92.77568284998388
"2024-04-26 00:00:00",748192,-58237,92.77840950660257
"2024-04-27 00:00:00",748449,-58237,92.78071021438329
"2024-04-28 00:00:00",748767,-58248,92.78229029200202
"2024-04-29 00:00:00",749071,-58246,92.78523801678894
"2024-04-30 00:00:00",749375,-58248,92.78772397517159
"2024-05-01 00:00:00",749653,-58260,92.78882750989277
"2024-05-02 00:00:00",749968,-58263,92.79129357819733
"2024-05-03 00:00:00",750242,-58270,92.79293319084935
"2024-05-04 00:00:00",750536,-58278,92.79463510770091
"2024-05-05 00:00:00",750876,-58279,92.7975480593953
"2024-05-06 00:00:00",751231,-58270,92.80173835486306
"2024-05-07 00:00:00",751552,-58277,92.8037894419686
"2024-05-08 00:00:00",751838,-58283,92.80564261388113
"2024-05-09 00:00:00",752139,-58290,92.80751305789896
"2024-05-10 00:00:00",752429,-58298,92.80917004120994
"2024-05-11 00:00:00",752737,-58297,92.81201527926079
"2024-05-12 00:00:00",753113,-58296,92.8154605137483
"2024-05-13 00:00:00",753473,-58302,92.81796064180345
"2024-05-14 00:00:00",753792,-58308,92.82009604728482
"2024-05-15 00:00:00",754106,-58315,92.82207131524173
"2024-05-16 00:00:00",754451,-58332,92.82317666585054
"2024-05-17 00:00:00",754794,-58334,92.82597573813717
"2024-05-18 00:00:00",755206,-58340,92.8289242403011
"2024-05-19 00:00:00",755696,-58349,92.83221443531991
"2024-05-20 00:00:00",756178,-58355,92.83577215410548
"2024-05-21 00:00:00",756725,-58372,92.83864374424148
"2024-05-22 00:00:00",757060,-58384,92.8402195613678
"2024-05-23 00:00:00",757522,-58397,92.84279444405634
"2024-05-24 00:00:00",758088,-58419,92.8452542354199
"2024-05-25 00:00:00",758493,-58425,92.84811939509228
"2024-05-26 00:00:00",759055,-58436,92.85178674749936
"2024-05-27 00:00:00",759541,-58462,92.8530824459079
"2024-05-28 00:00:00",760063,-58465,92.85729993353922
"2024-05-29 00:00:00",760512,-58474,92.86019541237579
"2024-05-30 00:00:00",760961,-58488,92.86252103547628
"2024-05-31 00:00:00",761451,-58501,92.8653140671649
"2024-06-01 00:00:00",761988,-58506,92.86941769226831
"2024-06-02 00:00:00",762539,-58520,92.87261938545221
"2024-06-03 00:00:00",763233,-58547,92.8755871401105
"2024-06-04 00:00:00",763850,-58551,92.88048044688662
"2024-06-05 00:00:00",764126,-58555,92.88241736468935
"2024-06-06 00:00:00",764802,-58562,92.88747139782649
"2024-06-07 00:00:00",765405,-58565,92.8923383132881
"2024-06-08 00:00:00",766089,-58553,92.89958551710924
"2024-06-09 00:00:00",766855,-58561,92.90527443131705
"2024-06-10 00:00:00",767680,-58559,92.91258340504382
"2024-06-11 00:00:00",768383,-58561,92.9183838325207
"2024-06-12 00:00:00",769097,-58559,92.92471751548953
"2024-06-13 00:00:00",770148,-58558,92.93380282030056
"2024-06-14 00:00:00",770829,-58563,92.93904450489033
"2024-06-15 00:00:00",771576,-58555,92.94629401865488
"2024-06-16 00:00:00",772556,-58567,92.95326925136231
"2024-06-17 00:00:00",773698,-58566,92.96305018599867
"2024-06-18 00:00:00",775444,-58573,92.97700166783171
"2024-06-19 00:00:00",776523,-58573,92.9860758523571
"2024-06-20 00:00:00",783724,-58563,93.04714426317871
"2024-06-21 00:00:00",786179,-58590,93.06437617857662
"2024-06-22 00:00:00",789300,-59731,92.9648034052938
"2024-06-23 00:00:00",792452,-61088,92.84298333997235
"2024-06-24 00:00:00",795839,-61912,92.78205446568992
"2024-06-25 00:00:00",800287,-62703,92.73421476494514
"2024-06-26 00:00:00",802437,-63039,92.71626249601375
"2024-06-27 00:00:00",805468,-63408,92.70229583968253
"2024-06-28 00:00:00",807284,-63560,92.7013334190739
"2024-06-29 00:00:00",810170,-63931,92.68608547524828
"2024-06-30 00:00:00",812915,-64264,92.6737872201683
"2024-07-01 00:00:00",815896,-64499,92.67385662117572
"2024-07-02 00:00:00",818320,-64681,92.67486673288026
"2024-07-03 00:00:00",820827,-64862,92.67666189825097
"2024-07-04 00:00:00",823625,-65071,92.67792360942325
"2024-07-05 00:00:00",826560,-65479,92.65962586837571
"2024-07-06 00:00:00",828844,-65760,92.64926157271822
"2024-07-07 00:00:00",831064,-66002,92.64245886032911
"2024-07-08 00:00:00",834420,-66282,92.64107329616232
"2024-07-09 00:00:00",835285,-66342,92.64196835276672
"2024-07-10 00:00:00",837581,-66507,92.6437470688694
"2024-07-11 00:00:00",839562,-66613,92.64899164068751
"2024-07-12 00:00:00",840790,-66686,92.65148609990787
"2024-07-13 00:00:00",842507,-66811,92.65262537418153
"2024-07-14 00:00:00",845162,-67035,92.65125844527005
"2024-07-15 00:00:00",845822,-67078,92.65220725161572
"2024-07-16 00:00:00",847303,-67159,92.65590040920235
"2024-07-17 00:00:00",848698,-67264,92.65646391444187
"2024-07-18 00:00:00",850063,-67380,92.65567452146891
"2024-07-19 00:00:00",851304,-67461,92.65742600120814
"2024-07-20 00:00:00",852477,-67531,92.65973774141094
"2024-07-21 00:00:00",853803,-67605,92.66285944988539
"2024-07-22 00:00:00",855635,-67710,92.6668796603653
"2024-07-23 00:00:00",856196,-67723,92.67002843322845
"2024-07-24 00:00:00",857353,-67785,92.67298500331842
"2024-07-25 00:00:00",858358,-67841,92.67533219103022
"2024-07-26 00:00:00",859311,-67904,92.67656368803353
"2024-07-27 00:00:00",860292,-67971,92.67761399517163
"2024-07-28 00:00:00",861258,-68055,92.67684838154638
"2024-07-29 00:00:00",862254,-68111,92.67910981174056
"2024-07-30 00:00:00",863349,-68174,92.68144747902092
"2024-07-31 00:00:00",864606,-68303,92.67849275760015
"2024-08-01 00:00:00",865533,-68360,92.68010360929999
"2024-08-02 00:00:00",866302,-68398,92.68235797582112
"2024-08-03 00:00:00",867096,-68470,92.68143562292772
"2024-08-04 00:00:00",867924,-68531,92.68186939041385
"2024-08-05 00:00:00",868682,-68578,92.68314021722894
"2024-08-06 00:00:00",869416,-68612,92.68550618958069
"2024-08-07 00:00:00",870065,-68652,92.68661375047006
"2024-08-08 00:00:00",870767,-68693,92.68803355118898
"2024-08-09 00:00:00",871443,-68716,92.69102353963532
"2024-08-10 00:00:00",872092,-68758,92.69192751235586
"2024-08-11 00:00:00",872817,-68812,92.69223866299785
"2024-08-12 00:00:00",873498,-68864,92.69240482956656
"2024-08-13 00:00:00",874110,-68896,92.69400194696534
"2024-08-14 00:00:00",874728,-68928,92.6956433276533
"2024-08-15 00:00:00",875303,-68963,92.69665539159516
"2024-08-16 00:00:00",875825,-68992,92.69784519118517
"2024-08-17 00:00:00",876388,-69015,92.69993854472642
"2024-08-18 00:00:00",877006,-69063,92.70000391091982
"2024-08-19 00:00:00",877681,-69101,92.7014877764892
"2024-08-20 00:00:00",878281,-69124,92.7038594898697
"2024-08-21 00:00:00",878828,-69136,92.70689604246574
"2024-08-22 00:00:00",879448,-69159,92.70941496320394
"2024-08-23 00:00:00",879909,-69168,92.71207710227938
"2024-08-24 00:00:00",880421,-69190,92.71385862210948
"2024-08-25 00:00:00",881041,-69229,92.7148073705368
"2024-08-26 00:00:00",881548,-69229,92.71869218544411
"2024-08-27 00:00:00",882014,-69243,92.72089456371937
"2024-08-28 00:00:00",882636,-69278,92.72224171511292
"2024-08-29 00:00:00",882834,-69295,92.7220996314575
"2024-08-30 00:00:00",883303,-69323,92.72295738306534
"2024-08-31 00:00:00",883715,-69335,92.72493573264782
"2024-09-01 00:00:00",884205,-69366,92.72565965198186
"2024-09-02 00:00:00",884698,-69392,92.7268915930363
"2024-09-03 00:00:00",885086,-69405,92.7285851830976
"2024-09-04 00:00:00",885451,-69429,92.72903401474531
"2024-09-05 00:00:00",885836,-69448,92.73012004806948
"2024-09-06 00:00:00",885836,-69448,92.73012004806948
"2024-09-07 00:00:00",886481,-69473,92.73260010418912
"2024-09-08 00:00:00",886891,-69500,92.73309765566593
"2024-09-09 00:00:00",887261,-69529,92.73309712685123
"2024-09-10 00:00:00",887679,-69550,92.73423600831148
"2024-09-11 00:00:00",888144,-69564,92.73640817451665
"2024-09-12 00:00:00",888594,-69581,92.73817413311764
"2024-09-13 00:00:00",888877,-69587,92.73973774706197
"2024-09-14 00:00:00",889245,-69603,92.7409766720064
"2024-09-15 00:00:00",889676,-69629,92.7417244776166
"2024-09-16 00:00:00",890093,-69668,92.74110950538727
"2024-09-17 00:00:00",890446,-69682,92.74242600986535
"2024-09-18 00:00:00",890765,-69707,92.74242247561617
"2024-09-19 00:00:00",891127,-69725,92.74341938196517
"2024-09-20 00:00:00",891360,-69743,92.74344164985439
"2024-09-21 00:00:00",891799,-69772,92.7439575444767
"2024-09-22 00:00:00",892571,-69836,92.74361055146107
"2024-09-23 00:00:00",892804,-69854,92.74363273353569
"2024-09-24 00:00:00",893216,-69888,92.74346280360169
"2024-09-25 00:00:00",893386,-69912,92.74243276743023
"2024-09-26 00:00:00",893992,-69955,92.7428582691787
"2024-09-27 00:00:00",894289,-69980,92.74268902142452
"2024-09-28 00:00:00",894712,-70007,92.74327550302213
"2024-09-29 00:00:00",895185,-70045,92.74318038187789
"2024-09-30 00:00:00",895560,-70072,92.74340535524921
"2024-10-01 00:00:00",895911,-70092,92.74412191266487
"2024-10-02 00:00:00",896270,-70104,92.745665756736
"2024-10-03 00:00:00",896753,-70130,92.7467956309088
"2024-10-04 00:00:00",897043,-70144,92.74762791476726
"2024-10-05 00:00:00",897408,-70179,92.74700879610826
"2024-10-06 00:00:00",897824,-70190,92.74907181094488
"2024-10-07 00:00:00",898143,-70286,92.7422660824903
"2024-10-08 00:00:00",898387,-70535,92.72026024798694
"2024-10-09 00:00:00",898630,-70681,92.70811947868125
"2024-10-10 00:00:00",898828,-71173,92.6625848839331
"2024-10-11 00:00:00",899107,-71365,92.64636177035504
"2024-10-12 00:00:00",899329,-71423,92.64250807621308
"2024-10-13 00:00:00",899723,-71494,92.6387202859917
"2024-10-14 00:00:00",899965,-71515,92.63855148845062
"2024-10-15 00:00:00",900251,-71542,92.63814413151772
"2024-10-16 00:00:00",900497,-71570,92.63733878426076
"2024-10-17 00:00:00",900825,-71607,92.63629744804777
"2024-10-18 00:00:00",901097,-71628,92.63635662700148
"2024-10-19 00:00:00",901267,-71632,92.6372624496479
"2024-10-20 00:00:00",901577,-71652,92.63770397306287
"2024-10-21 00:00:00",901872,-71685,92.63679476394294
"2024-10-22 00:00:00",902100,-71704,92.63671128892467
"2024-10-23 00:00:00",902327,-71712,92.63766645894056
"2024-10-24 00:00:00",902536,-71724,92.63810481801572
"2024-10-25 00:00:00",902779,-71732,92.6391800605637
"2024-10-26 00:00:00",903000,-71750,92.63913824057451
"2024-10-27 00:00:00",903266,-71759,92.6402912745827
"2024-10-28 00:00:00",903530,-71773,92.64095363184569
"2024-10-29 00:00:00",903733,-71786,92.64125045232333
"2024-10-30 00:00:00",903934,-71797,92.64172195000467
"2024-10-31 00:00:00",904145,-71812,92.64188893568057
"2024-11-01 00:00:00",904403,-71825,92.64259988445322
"2024-11-02 00:00:00",904579,-71844,92.64212334203516
"2024-11-03 00:00:00",904852,-71852,92.64342113885067
"2024-11-04 00:00:00",905087,-71867,92.64376828387006
"2024-11-05 00:00:00",905292,-71877,92.64436346220562
"2024-11-06 00:00:00",905487,-71886,92.64497791528925
"2024-11-07 00:00:00",905766,-71893,92.64641352455202
"2024-11-08 00:00:00",905869,-71895,92.64699866225388
"2024-11-09 00:00:00",906182,-71903,92.64859393610985
"2024-11-10 00:00:00",906374,-71917,92.64871086414983
"2024-11-11 00:00:00",906678,-71935,92.64929037321188
"2024-11-12 00:00:00",906778,-71943,92.64928411671967
"2024-11-13 00:00:00",906951,-71953,92.64963673659521
"2024-11-14 00:00:00",907125,-71965,92.64980747428734
"2024-11-15 00:00:00",907314,-71960,92.65169911587564
"2024-11-16 00:00:00",907539,-71964,92.65300871972826
"2024-11-17 00:00:00",907806,-71982,92.65330867493785
"2024-11-18 00:00:00",908025,-71988,92.6543831561418
"2024-11-19 00:00:00",908212,-72003,92.65436664405257
"2024-11-20 00:00:00",908390,-72012,92.65484974530855
"2024-11-21 00:00:00",908582,-72018,92.65572098715073
"2024-11-22 00:00:00",908774,-72019,92.65706423271781
"2024-11-23 00:00:00",909008,-72040,92.65683228547431
"2024-11-24 00:00:00",909290,-72048,92.65818708742553
"2024-11-25 00:00:00",909516,-72049,92.6597831014757
"2024-11-26 00:00:00",909697,-72059,92.66019255293575
"2024-11-27 00:00:00",909882,-72065,92.66100919907082
"2024-11-28 00:00:00",913268,-72079,92.68491201576703
"2024-11-29 00:00:00",915716,-72101,92.70097599049217
"2024-11-30 00:00:00",917442,-72105,92.7133324642488
"2024-12-01 00:00:00",918740,-72115,92.72194216106293
"2024-12-02 00:00:00",919686,-72123,92.7281361633137
"2024-12-03 00:00:00",920487,-72121,92.73419114091364
"2024-12-04 00:00:00",921184,-72122,92.73919617922373
"2024-12-05 00:00:00",921588,-72133,92.7411215019105
"2024-12-06 00:00:00",921791,-72141,92.74185759186744
"2024-12-07 00:00:00",922010,-72145,92.7430833220172
"2024-12-08 00:00:00",922240,-72137,92.74550799143584
"2024-12-09 00:00:00",922454,-72150,92.74585664244263
"2024-12-10 00:00:00",922634,-72150,92.74716923472835
"2024-12-11 00:00:00",922791,-72147,92.74859337968799
"2024-12-12 00:00:00",922954,-72163,92.74828989957965
"2024-12-13 00:00:00",923191,-72161,92.75020294328037
"2024-12-14 00:00:00",923481,-72162,92.75222142876513
"2024-12-15 00:00:00",923811,-72159,92.75490225609205
"2024-12-16 00:00:00",924103,-72159,92.75702576229948
"2024-12-17 00:00:00",924346,-72158,92.75888506217737
"2024-12-18 00:00:00",924591,-72151,92.76131636872933
"2024-12-19 00:00:00",924965,-72151,92.76403146675011
"2024-12-20 00:00:00",925224,-72161,92.76498042380827
"2024-12-21 00:00:00",925754,-72187,92.7664060300158
"2024-12-22 00:00:00",926392,-72233,92.76675428714482
"2024-12-23 00:00:00",926944,-72259,92.76833636408217
"2024-12-24 00:00:00",927494,-72288,92.7696237779836
"2024-12-25 00:00:00",927988,-72328,92.76948484278968
"2024-12-26 00:00:00",928554,-72361,92.77051497879441
"2024-12-27 00:00:00",929226,-72404,92.77138264628655
"2024-12-28 00:00:00",929914,-72446,92.77245700147651
"2024-12-29 00:00:00",930577,-72473,92.77473705199142
"2024-12-30 00:00:00",931242,-72512,92.77591919932573
"2024-12-31 00:00:00",931914,-72545,92.77770421689686
"2025-01-01 00:00:00",932543,-72591,92.77797786165824
"2025-01-02 00:00:00",933455,-72653,92.77880704655962
"2025-01-03 00:00:00",933847,-72681,92.77903843708273
"2025-01-04 00:00:00",934481,-72733,92.7787937816591
"2025-01-05 00:00:00",935107,-72765,92.78033321691643
"2025-01-06 00:00:00",935661,-72789,92.78209132827607
"2025-01-07 00:00:00",936186,-72806,92.78428372078272
"2025-01-08 00:00:00",936619,-72813,92.78673551066342
"2025-01-09 00:00:00",937052,-72833,92.78799071181372
"2025-01-10 00:00:00",937464,-72843,92.79001333258108
"2025-01-11 00:00:00",937464,-72843,92.79001333258108
"2025-01-12 00:00:00",938395,-72881,92.79316427958342
"2025-01-13 00:00:00",938866,-72903,92.7945015117087
"2025-01-14 00:00:00",939215,-72926,92.79487739356473
"2025-01-15 00:00:00",939756,-72941,92.79735202138448
"2025-01-16 00:00:00",939927,-72945,92.79820154965287
"2025-01-17 00:00:00",940315,-72970,92.79866967338903
"2025-01-18 00:00:00",940762,-73005,92.79864110786798
"2025-01-19 00:00:00",941044,-73008,92.80036921183529
"2025-01-20 00:00:00",941430,-73029,92.80118762808551
"2025-01-21 00:00:00",941430,-73029,92.80118762808551